code,total_score,trend,reversion,volume,close,stop_loss,date
sh.605196,0.7,1.0,0.0,1.0,48.17,42.43,2026-02-25
sh.603989,0.7,1.0,0.0,1.0,19.0,17.99,2026-02-24
sz.000012,0.7,1.0,0.0,1.0,5.18,4.88,2026-02-25
sz.002562,0.7,1.0,0.0,1.0,7.94,7.22,2026-02-25
sh.603799,0.7,1.0,0.0,1.0,77.47,70.62,2026-02-25
sz.000422,0.7,1.0,0.0,1.0,18.07,16.6,2026-02-25
sh.603713,0.7,1.0,0.0,1.0,68.66,63.88,2026-02-25
sh.603727,0.7,1.0,0.0,1.0,17.86,16.56,2026-02-24
sh.603057,0.7,1.0,0.0,1.0,32.19,28.9,2026-02-25
sz.000795,0.7,1.0,0.0,1.0,10.87,10.23,2026-02-25
sz.000683,0.7,1.0,0.0,1.0,9.06,8.25,2026-02-25
sh.603055,0.7,1.0,0.0,1.0,9.88,9.43,2026-02-25
sz.300224,0.7,1.0,0.0,1.0,18.92,17.46,2026-02-25
sz.000581,0.7,1.0,0.0,1.0,23.54,22.36,2026-02-25
sz.300623,0.7,1.0,0.0,1.0,35.99,32.41,2026-02-25
sz.002678,0.7,1.0,0.0,1.0,6.15,5.55,2026-02-25
sz.002643,0.7,1.0,0.0,1.0,17.8,16.65,2026-02-25
sh.603336,0.7,1.0,0.0,1.0,10.0,9.21,2026-02-25
sz.002219,0.7,1.0,0.0,1.0,2.6,2.41,2026-02-25
sh.600507,0.7,1.0,0.0,1.0,6.64,6.18,2026-02-25
sz.002601,0.7,1.0,0.0,1.0,22.89,21.06,2026-02-25
sz.399366,0.7,1.0,0.0,1.0,3267.5525,3038.8,2026-02-25
sh.600585,0.7,1.0,0.0,1.0,26.38,24.89,2026-02-25
sz.002057,0.7,1.0,0.0,1.0,11.4,10.73,2026-02-25
sh.600500,0.7,1.0,0.0,1.0,4.72,4.39,2026-02-25
sh.600550,0.7,1.0,0.0,1.0,17.4,15.44,2026-02-25
sz.399440,0.7,1.0,0.0,1.0,1629.6068,1547.86,2026-02-25
sz.300054,0.7,1.0,0.0,1.0,47.31,43.35,2026-02-25
sz.300748,0.7,1.0,0.0,1.0,40.39,36.53,2026-02-25
sh.603072,0.7,1.0,0.0,1.0,44.38,41.56,2026-02-25
sz.000899,0.7,1.0,0.0,1.0,12.07,11.35,2026-02-25
sh.600096,0.7,1.0,0.0,1.0,43.3,39.83,2026-02-25
sz.300821,0.7,1.0,0.0,1.0,14.89,13.21,2026-02-25
sh.600022,0.7,1.0,0.0,1.0,1.74,1.62,2026-02-25
sz.300917,0.7,1.0,0.0,1.0,42.65,39.09,2026-02-25
sh.600871,0.7,1.0,0.0,1.0,3.34,2.97,2026-02-25
sz.002916,0.7,1.0,0.0,1.0,258.5,231.79,2026-02-24
sz.002068,0.7,1.0,0.0,1.0,9.8,9.02,2026-02-25
sh.600761,0.7,1.0,0.0,1.0,22.97,21.07,2026-02-24
sz.301256,0.7,1.0,0.0,1.0,17.07,15.06,2026-02-25
sz.301377,0.7,1.0,0.0,1.0,212.5,185.25,2026-02-25
sh.600782,0.7,1.0,0.0,1.0,4.13,3.83,2026-02-25
sz.002056,0.7,1.0,0.0,1.0,21.89,20.35,2026-02-25
sh.605006,0.62,0.8,0.0,1.0,10.69,9.68,2026-02-25
sz.300476,0.62,0.8,0.0,1.0,292.58,266.52,2026-02-25
sh.605399,0.62,0.8,0.0,1.0,16.28,14.93,2026-02-25
sz.002539,0.62,0.8,0.0,1.0,16.6,15.1,2026-02-25
sz.002511,0.62,0.8,0.0,1.0,8.78,8.29,2026-02-25
sh.603936,0.62,0.8,0.0,1.0,13.17,12.24,2026-02-25
sh.603826,0.62,0.8,0.0,1.0,20.57,18.89,2026-02-25
sh.603333,0.62,0.8,0.0,1.0,8.61,8.13,2026-02-25
sh.603738,0.62,0.8,0.0,1.0,19.2,18.0,2026-02-25
sz.300468,0.62,0.8,0.0,1.0,36.19,33.09,2026-02-25
sh.601975,0.62,0.8,0.0,1.0,4.07,3.7,2026-02-25
sz.002463,0.62,0.8,0.0,1.0,77.6,70.62,2026-02-25
sh.601866,0.62,0.8,0.0,1.0,2.89,2.73,2026-02-25
sz.002407,0.62,0.8,0.0,1.0,31.76,28.89,2026-02-25
sz.002685,0.62,0.8,0.0,1.0,7.38,6.93,2026-02-25
sz.300174,0.62,0.8,0.0,1.0,16.93,16.05,2026-02-25
sz.300835,0.62,0.8,0.0,1.0,89.52,79.39,2026-02-25
sz.300814,0.62,0.8,0.0,1.0,91.0,79.82,2026-02-25
sz.300843,0.62,0.8,0.0,1.0,59.14,52.68,2026-02-25
sh.600980,0.62,0.8,0.0,1.0,26.7,24.85,2026-02-25
sh.601696,0.62,0.8,0.0,1.0,14.35,13.51,2026-02-25
sz.000831,0.62,0.8,0.0,1.0,62.71,56.52,2026-02-25
sz.002730,0.62,0.8,0.0,1.0,16.96,16.25,2026-02-25
sz.300197,0.62,0.8,0.0,1.0,1.89,1.78,2026-02-25
sz.300706,0.62,0.8,0.0,1.0,45.88,40.29,2026-02-25
sz.300602,0.62,0.8,0.0,1.0,38.0,34.04,2026-02-25
sz.000636,0.62,0.8,0.0,1.0,25.74,23.21,2026-02-25
sh.603181,0.62,0.8,0.0,1.0,17.59,16.36,2026-02-25
sh.603619,0.62,0.8,0.0,1.0,37.8,32.95,2026-02-25
sz.300596,0.62,0.8,0.0,1.0,51.24,47.07,2026-02-25
sz.300257,0.62,0.8,0.0,1.0,22.69,20.79,2026-02-25
sh.603123,0.62,0.8,0.0,1.0,13.43,12.2,2026-02-25
sh.603138,0.62,0.8,0.0,1.0,22.33,19.51,2026-02-25
sz.002484,0.62,0.8,0.0,1.0,33.4,30.33,2026-02-25
sh.603256,0.62,0.8,0.0,1.0,84.27,74.35,2026-02-25
sz.000657,0.62,0.8,0.0,1.0,58.83,51.9,2026-02-25
sz.002585,0.62,0.8,0.0,1.0,7.95,7.22,2026-02-25
sh.603328,0.62,0.8,0.0,1.0,13.21,12.31,2026-02-25
sz.002645,0.62,0.8,0.0,1.0,17.15,15.65,2026-02-25
sz.001301,0.62,0.8,0.0,1.0,80.38,74.86,2026-02-25
sz.000967,0.62,0.8,0.0,1.0,8.01,7.53,2026-02-25
sh.600884,0.62,0.8,0.0,1.0,15.13,13.69,2026-02-25
sh.600843,0.62,0.8,0.0,1.0,11.45,10.87,2026-02-25
sh.601005,0.62,0.8,0.0,1.0,1.6,1.49,2026-02-25
sh.601015,0.62,0.8,0.0,1.0,4.99,4.32,2026-02-25
sz.002741,0.62,0.8,0.0,1.0,23.28,21.69,2026-02-25
sz.002749,0.62,0.8,0.0,1.0,13.9,13.31,2026-02-25
sz.000970,0.62,0.8,0.0,1.0,15.35,14.35,2026-02-25
sz.002797,0.62,0.8,0.0,1.0,7.41,7.11,2026-02-25
sh.600111,0.62,0.8,0.0,1.0,60.43,54.57,2026-02-25
sz.002302,0.62,0.8,0.0,1.0,6.47,6.08,2026-02-25
sz.002358,0.62,0.8,0.0,1.0,8.98,8.07,2026-02-25
sz.300177,0.62,0.8,0.0,1.0,10.03,9.37,2026-02-25
sz.300171,0.62,0.8,0.0,1.0,17.46,16.34,2026-02-25
sz.000988,0.62,0.8,0.0,1.0,86.1,79.13,2026-02-25
sh.600026,0.62,0.8,0.0,1.0,20.15,18.16,2026-02-25
sh.600751,0.62,0.8,0.0,1.0,4.2,3.86,2026-02-25
sh.600708,0.62,0.8,0.0,1.0,4.41,4.0,2026-02-25
sh.600710,0.62,0.8,0.0,1.0,12.81,11.99,2026-02-24
sz.300127,0.62,0.8,0.0,1.0,38.18,34.7,2026-02-25
sz.300123,0.62,0.8,0.0,1.0,7.9,7.13,2026-02-25
sz.002011,0.62,0.8,0.0,1.0,13.26,12.65,2026-02-25
sz.301150,0.62,0.8,0.0,1.0,49.4,44.65,2026-02-25
sz.301487,0.62,0.8,0.0,1.0,25.08,23.44,2026-02-25
sz.301511,0.62,0.8,0.0,1.0,33.16,30.41,2026-02-24
sz.300066,0.62,0.8,0.0,1.0,8.03,7.3,2026-02-25
sh.600795,0.62,0.8,0.0,1.0,4.76,4.57,2026-02-25
sz.001227,0.62,0.8,0.0,1.0,2.31,2.25,2026-02-25
sz.002312,0.62,0.8,0.0,1.0,13.75,12.78,2026-02-25
sh.600010,0.62,0.8,0.0,1.0,2.93,2.69,2026-02-25
sz.002285,0.62,0.8,0.0,1.0,3.06,2.81,2026-02-25
sh.600546,0.62,0.8,0.0,1.0,11.58,10.8,2026-02-24
sh.600567,0.62,0.8,0.0,1.0,1.73,1.66,2026-02-25
sh.600172,0.62,0.8,0.0,1.0,8.82,7.75,2026-02-24
sh.600722,0.62,0.8,0.0,1.0,9.94,8.49,2026-02-25
sz.300067,0.62,0.8,0.0,1.0,5.8,5.21,2026-02-25
sh.600397,0.62,0.8,0.0,1.0,18.74,16.91,2026-02-25
sz.002793,0.62,0.8,0.0,1.0,5.03,4.69,2026-02-24
sz.300037,0.62,0.8,0.0,1.0,58.85,53.52,2026-02-25
sh.600383,0.62,0.8,0.0,1.0,3.43,3.18,2026-02-25
sh.600392,0.62,0.8,0.0,1.0,31.58,28.23,2026-02-25
sz.002936,0.62,0.8,0.0,1.0,1.93,1.88,2026-02-25
sh.600428,0.62,0.8,0.0,1.0,8.38,7.79,2026-02-25
sh.600366,0.62,0.8,0.0,1.0,15.05,13.86,2026-02-25
sh.600388,0.62,0.8,0.0,1.0,20.22,18.92,2026-02-25
sh.600206,0.62,0.8,0.0,1.0,24.96,23.28,2026-02-25
sz.002843,0.62,0.8,0.0,1.0,20.88,19.05,2026-02-25
sz.002930,0.62,0.8,0.0,1.0,13.5,12.65,2026-02-25
sh.600339,0.62,0.8,0.0,1.0,4.28,3.91,2026-02-25
sh.600308,0.62,0.8,0.0,1.0,4.24,4.01,2026-02-25
sz.002895,0.62,0.8,0.0,1.0,44.0,40.14,2026-02-25
sh.600162,0.62,0.8,0.0,1.0,1.95,1.83,2026-02-25
sh.600166,0.62,0.8,0.0,1.0,3.28,3.07,2026-02-24
sh.600216,0.62,0.8,0.0,1.0,16.57,15.65,2026-02-25
sh.600325,0.62,0.8,0.0,1.0,4.51,4.17,2026-02-25
sz.300390,0.62,0.8,0.0,1.0,52.81,45.98,2026-02-25
sz.300395,0.62,0.8,0.0,1.0,123.58,109.16,2026-02-25
sh.605589,0.62,0.8,0.0,1.0,34.21,31.86,2026-02-25
sz.000002,0.62,0.8,0.0,1.0,5.0,4.69,2026-02-25
sz.300438,0.62,0.8,0.0,1.0,47.85,42.84,2026-02-25
sz.002537,0.62,0.8,0.0,1.0,9.39,8.81,2026-02-25
sz.002526,0.62,0.8,0.0,1.0,3.98,3.76,2026-02-25
sh.000003,0.62,0.8,0.0,1.0,267.915,263.71,2026-02-24
sz.399705,0.55,1.0,0.0,0.5,4636.6349,4445.07,2026-02-25
sz.399678,0.55,1.0,0.0,0.5,684.3772,657.69,2026-02-25
sz.399806,0.55,1.0,0.0,0.5,1553.7282,1497.67,2026-02-25
sz.399808,0.55,1.0,0.0,0.5,3085.5158,2931.36,2026-02-25
sz.399642,0.55,1.0,0.0,0.5,2545.6304,2454.07,2026-02-25
sz.300456,0.55,1.0,0.0,0.5,54.93,47.88,2026-02-25
sh.603966,0.55,1.0,0.0,0.5,13.45,12.4,2026-02-25
sh.000091,0.55,1.0,0.0,0.5,16451.9326,15976.38,2026-02-25
sz.002536,0.55,1.0,0.0,0.5,29.85,26.42,2026-02-25
sz.002556,0.55,1.0,0.0,0.5,6.69,6.27,2026-02-25
sz.002254,0.55,1.0,0.0,0.5,13.77,12.53,2026-02-25
sh.600328,0.55,1.0,0.0,0.5,9.46,8.82,2026-02-25
sz.399374,0.55,1.0,0.0,0.5,5320.0449,5094.5,2026-02-25
sz.399315,0.55,1.0,0.0,0.5,5351.5474,5158.76,2026-02-25
sh.600157,0.55,1.0,0.0,0.5,1.73,1.63,2026-02-25
sh.600259,0.55,1.0,0.0,0.5,95.64,84.81,2026-02-25
sz.000519,0.55,1.0,0.0,0.5,19.77,18.59,2026-02-25
sz.399673,0.55,1.0,0.0,0.5,3514.7418,3360.1,2026-02-25
sz.399664,0.55,1.0,0.0,0.5,1620.2819,1554.16,2026-02-25
sz.399662,0.55,1.0,0.0,0.5,2735.6624,2611.38,2026-02-25
sz.399667,0.55,1.0,0.0,0.5,5872.3161,5597.4,2026-02-25
sz.399641,0.55,1.0,0.0,0.5,2996.5679,2894.53,2026-02-25
sz.399636,0.55,1.0,0.0,0.5,8534.9697,8176.15,2026-02-25
sz.399626,0.55,1.0,0.0,0.5,2195.2364,2106.76,2026-02-25
sz.002538,0.55,1.0,0.0,0.5,7.96,7.35,2026-02-25
sz.002522,0.55,1.0,0.0,0.5,6.38,5.93,2026-02-25
sz.399233,0.55,1.0,0.0,0.5,3801.911,3678.94,2026-02-25
sz.399008,0.55,1.0,0.0,0.5,1785.5878,1729.45,2026-02-25
sh.600433,0.55,1.0,0.0,0.5,3.61,3.4,2026-02-25
sh.600367,0.55,1.0,0.0,0.5,20.45,18.59,2026-02-25
sz.399344,0.55,1.0,0.0,0.5,7963.3194,7718.97,2026-02-25
sh.603601,0.55,1.0,0.0,0.5,13.02,11.11,2026-02-25
sz.000155,0.55,1.0,0.0,0.5,13.62,12.64,2026-02-25
sz.000600,0.55,1.0,0.0,0.5,8.84,8.31,2026-02-25
sz.300617,0.55,1.0,0.0,0.5,57.7,49.58,2026-02-25
sh.603306,0.55,1.0,0.0,0.5,86.47,77.51,2026-02-25
sh.603267,0.55,1.0,0.0,0.5,58.95,54.5,2026-02-25
sz.002436,0.55,1.0,0.0,0.5,26.3,23.81,2026-02-25
sh.000105,0.55,1.0,0.0,0.5,6772.5064,6380.17,2026-02-25
sh.000827,0.55,1.0,0.0,0.5,1990.4969,1907.82,2026-02-25
sz.002708,0.55,1.0,0.0,0.5,14.11,13.35,2026-02-25
sh.600389,0.55,1.0,0.0,0.5,28.22,25.74,2026-02-25
sh.600468,0.55,1.0,0.0,0.5,7.62,7.09,2026-02-25
sz.002170,0.55,1.0,0.0,0.5,14.57,13.47,2026-02-25
sh.603077,0.55,1.0,0.0,0.5,2.88,2.6,2026-02-25
sz.000792,0.55,1.0,0.0,0.5,36.2,33.48,2026-02-25
sh.603067,0.55,1.0,0.0,0.5,40.66,35.96,2026-02-25
sz.300215,0.55,1.0,0.0,0.5,10.29,9.0,2026-02-25
sz.300201,0.55,1.0,0.0,0.5,9.14,8.33,2026-02-25
sz.000875,0.55,1.0,0.0,0.5,7.51,6.87,2026-02-25
sz.002386,0.55,1.0,0.0,0.5,6.4,6.0,2026-02-25
sz.000930,0.55,1.0,0.0,0.5,6.79,6.37,2026-02-25
sz.300185,0.55,1.0,0.0,0.5,3.09,2.93,2026-02-25
sz.300852,0.55,1.0,0.0,0.5,50.91,45.84,2026-02-25
sz.300855,0.55,1.0,0.0,0.5,42.0,37.56,2026-02-25
sh.601619,0.55,1.0,0.0,0.5,6.66,5.91,2026-02-25
sz.399007,0.55,1.0,0.0,0.5,6028.8342,5843.8,2026-02-25
sz.000966,0.55,1.0,0.0,0.5,4.62,4.42,2026-02-24
sz.399628,0.55,1.0,0.0,0.5,2701.8391,2595.61,2026-02-25
sz.399629,0.55,1.0,0.0,0.5,3180.7576,3080.48,2026-02-25
sz.399630,0.55,1.0,0.0,0.5,1895.8344,1830.98,2026-02-25
sz.399623,0.55,1.0,0.0,0.5,9752.9416,9447.8,2026-02-25
sz.002759,0.55,1.0,0.0,0.5,40.93,35.17,2026-02-25
sh.601038,0.55,1.0,0.0,0.5,14.96,14.02,2026-02-25
sh.600929,0.55,1.0,0.0,0.5,6.38,6.06,2026-02-25
sh.600869,0.55,1.0,0.0,0.5,14.26,12.76,2026-02-25
sh.600038,0.55,1.0,0.0,0.5,38.54,36.7,2026-02-24
sh.600114,0.55,1.0,0.0,0.5,34.23,31.75,2026-02-25
sh.600763,0.55,1.0,0.0,0.5,51.96,48.67,2026-02-25
sz.399326,0.55,1.0,0.0,0.5,6900.0724,6574.66,2026-02-25
sz.399613,0.55,1.0,0.0,0.5,3995.0133,3778.81,2026-02-25
sz.399432,0.55,1.0,0.0,0.5,6902.7323,6618.64,2026-02-25
sz.002274,0.55,1.0,0.0,0.5,6.51,6.11,2026-02-25
sz.300041,0.55,1.0,0.0,0.5,12.98,12.21,2026-02-25
sz.399013,0.55,1.0,0.0,0.5,5959.9711,5791.37,2026-02-25
sz.399407,0.55,1.0,0.0,0.5,3602.1202,3440.14,2026-02-25
sz.002815,0.55,1.0,0.0,0.5,15.86,14.72,2026-02-25
sz.300080,0.55,1.0,0.0,0.5,5.34,4.85,2026-02-25
sz.301536,0.55,1.0,0.0,0.5,72.9,66.58,2026-02-25
sh.600667,0.55,1.0,0.0,0.5,10.8,9.65,2026-02-25
sh.600691,0.55,1.0,0.0,0.5,3.35,3.09,2026-02-25
sh.600686,0.55,1.0,0.0,0.5,19.04,17.12,2026-02-25
sh.600641,0.55,1.0,0.0,0.5,19.51,17.84,2026-02-25
sh.600490,0.55,1.0,0.0,0.5,10.03,8.85,2026-02-25
sh.600596,0.55,1.0,0.0,0.5,13.68,12.57,2026-02-25
sz.399814,0.55,1.0,0.0,0.5,1264.127,1223.11,2026-02-25
sh.000011,0.55,1.0,0.0,0.5,7250.6047,7206.76,2026-02-25
sh.600549,0.5,0.5,0.0,1.0,64.13,56.53,2026-02-25
sh.601113,0.5,0.5,0.0,1.0,4.93,4.61,2026-02-25
sh.600117,0.5,0.5,0.0,1.0,2.98,2.8,2026-02-25
sz.002541,0.5,0.5,0.0,1.0,22.92,21.09,2026-02-25
sz.002051,0.5,0.5,0.0,1.0,8.72,8.32,2026-02-25
sh.605178,0.5,0.5,0.0,1.0,74.78,67.17,2026-02-25
sh.600526,0.5,0.5,0.0,1.0,5.87,5.62,2026-02-24
sz.301626,0.5,0.5,0.0,1.0,185.21,169.31,2026-02-25
sz.300070,0.5,0.5,0.0,1.0,4.16,4.02,2026-02-25
sz.300073,0.5,0.5,0.0,1.0,58.28,54.55,2026-02-25
sz.300082,0.5,0.5,0.0,1.0,10.58,9.83,2026-02-25
sh.600048,0.5,0.5,0.0,1.0,6.96,6.54,2026-02-25
sh.600063,0.5,0.5,0.0,1.0,7.41,6.74,2026-02-25
sz.301219,0.5,0.5,0.0,1.0,75.93,69.3,2026-02-25
sz.399382,0.5,0.5,0.0,1.0,4581.1103,4292.96,2026-02-25
sz.300019,0.5,0.5,0.0,1.0,23.35,21.73,2026-02-25
sz.001258,0.5,0.5,0.0,1.0,7.9,7.54,2026-02-24
sh.601375,0.5,0.5,0.0,1.0,4.44,4.29,2026-02-25
sz.002833,0.5,0.5,0.0,1.0,19.2,18.29,2026-02-25
sh.600754,0.5,0.5,0.0,1.0,27.21,25.22,2026-02-24
sz.002125,0.5,0.5,0.0,1.0,14.74,13.67,2026-02-25
sh.600889,0.5,0.5,0.0,1.0,18.17,16.83,2026-02-25
sh.600866,0.5,0.5,0.0,1.0,7.61,7.26,2026-02-25
sh.600955,0.5,0.5,0.0,1.0,21.25,19.07,2026-02-24
sz.000932,0.5,0.5,0.0,1.0,6.41,5.92,2026-02-25
sh.601778,0.5,0.5,0.0,1.0,4.63,4.14,2026-02-25
sz.002146,0.5,0.5,0.0,1.0,1.7,1.57,2026-02-25
sh.000033,0.5,0.5,0.0,1.0,4429.658,4138.01,2026-02-25
sh.601618,0.5,0.5,0.0,1.0,3.14,2.97,2026-02-25
sz.001280,0.5,0.5,0.0,1.0,93.39,81.87,2026-02-25
sz.300035,0.5,0.5,0.0,1.0,22.17,20.85,2026-02-25
sz.002091,0.5,0.5,0.0,1.0,9.13,8.67,2026-02-25
sz.002108,0.5,0.5,0.0,1.0,5.12,4.79,2026-02-25
sz.300024,0.5,0.5,0.0,1.0,17.92,16.92,2026-02-24
sz.002062,0.5,0.5,0.0,1.0,10.19,9.34,2026-02-24
sz.300180,0.5,0.5,0.0,1.0,6.9,6.49,2026-02-25
sz.002271,0.5,0.5,0.0,1.0,18.75,17.14,2026-02-25
sz.301007,0.5,0.5,0.0,1.0,39.59,36.59,2026-02-25
sh.600569,0.5,0.5,0.0,1.0,2.66,2.46,2026-02-25
sh.600516,0.5,0.5,0.0,1.0,5.96,5.55,2026-02-25
sh.000909,0.5,0.5,0.0,1.0,4792.9682,4460.29,2026-02-25
sh.000987,0.5,0.5,0.0,1.0,6034.9224,5654.72,2026-02-25
sz.002402,0.5,0.5,0.0,1.0,36.75,34.5,2026-02-25
sz.002733,0.5,0.5,0.0,1.0,21.38,20.15,2026-02-25
sz.000882,0.5,0.5,0.0,1.0,1.97,1.89,2026-02-25
sz.300191,0.5,0.5,0.0,1.0,34.91,30.07,2026-02-24
sz.300189,0.5,0.5,0.0,1.0,7.61,6.61,2026-02-24
sz.300212,0.5,0.5,0.5,0.5,12.72,10.72,2026-02-25
sz.300720,0.5,0.5,0.0,1.0,36.99,32.89,2026-02-25
sz.300737,0.5,0.5,0.0,1.0,8.19,7.28,2026-02-25
sz.000717,0.5,0.5,0.0,1.0,2.74,2.57,2026-02-25
sz.000762,0.5,0.5,0.0,1.0,29.63,27.09,2026-02-25
sz.002458,0.5,0.5,0.0,1.0,9.75,9.24,2026-02-24
sh.600309,0.5,0.5,0.0,1.0,89.71,82.41,2026-02-25
sz.002989,0.5,0.5,0.0,1.0,30.28,27.54,2026-02-25
sz.002965,0.5,0.5,0.5,0.5,34.95,33.11,2026-02-25
sz.002167,0.5,0.5,0.0,1.0,14.25,12.95,2026-02-25
sz.002176,0.5,0.5,0.0,1.0,10.48,9.76,2026-02-25
sz.003035,0.5,0.5,0.0,1.0,7.24,6.45,2026-02-25
sz.002487,0.5,0.5,0.0,1.0,65.33,59.92,2026-02-24
sz.000661,0.5,0.5,0.0,1.0,97.26,92.42,2026-02-25
sz.300618,0.5,0.5,0.0,1.0,53.0,47.83,2026-02-25
sz.000655,0.5,0.5,0.0,1.0,10.95,10.02,2026-02-25
sz.300263,0.5,0.5,0.0,1.0,11.97,10.76,2026-02-25
sh.603505,0.5,0.5,0.0,1.0,20.66,19.23,2026-02-25
sz.300539,0.5,0.5,0.5,0.5,34.13,30.1,2026-02-25
sz.300586,0.5,0.5,0.0,1.0,11.07,10.26,2026-02-25
sz.300604,0.5,0.5,0.0,1.0,139.98,125.47,2026-02-25
sz.000560,0.5,0.5,0.0,1.0,3.62,3.32,2026-02-25
sh.603800,0.5,0.5,0.0,1.0,41.32,37.33,2026-02-25
sz.000589,0.5,0.5,0.0,1.0,5.17,4.97,2026-02-25
sz.300316,0.5,0.5,0.0,1.0,53.7,46.68,2026-02-25
sh.600336,0.5,0.5,0.0,1.0,7.96,7.35,2026-02-24
sz.399241,0.5,0.5,0.0,1.0,1310.4568,1248.2,2026-02-25
sz.002192,0.5,0.5,0.0,1.0,56.26,50.83,2026-02-25
sz.002978,0.5,0.5,0.0,1.0,41.23,37.99,2026-02-25
sz.002488,0.5,0.5,0.0,1.0,13.28,12.15,2026-02-25
sh.603279,0.5,0.5,0.0,1.0,18.94,17.52,2026-02-25
sh.603399,0.5,0.5,0.0,1.0,11.71,10.63,2026-02-25
sz.300355,0.5,0.5,0.0,1.0,4.19,4.03,2026-02-25
sz.300322,0.5,0.5,0.0,1.0,28.33,25.67,2026-02-25
sh.603806,0.5,0.5,0.0,1.0,18.24,16.54,2026-02-25
sh.000071,0.5,0.5,0.0,1.0,6166.6764,5766.11,2026-02-25
sh.000025,0.5,0.5,0.0,1.0,1734.0034,1697.31,2026-02-24
sz.002583,0.5,0.5,0.0,1.0,11.02,10.51,2026-02-24
sh.605228,0.5,0.5,0.0,1.0,14.55,13.44,2026-02-24
sz.300429,0.5,0.5,0.0,1.0,16.21,14.98,2026-02-25
sh.605098,0.5,0.5,0.0,1.0,47.03,43.8,2026-02-25
sz.300377,0.5,0.5,0.0,1.0,22.42,20.05,2026-02-25
sz.300481,0.5,0.5,0.0,1.0,17.96,16.86,2026-02-25
sz.301638,0.47,0.8,0.0,0.5,21.95,20.21,2026-02-25
sz.300047,0.47,0.8,0.0,0.5,13.83,12.84,2026-02-25
sz.002261,0.47,0.8,0.0,0.5,32.28,30.13,2026-02-25
sz.002240,0.47,0.8,0.0,0.5,45.2,39.95,2026-02-25
sz.002272,0.47,0.8,0.0,0.5,17.46,15.65,2026-02-25
sh.600184,0.47,0.8,0.0,0.5,18.99,17.74,2026-02-25
sh.600207,0.47,0.8,0.0,0.5,5.42,4.95,2026-02-25
sz.399608,0.47,0.8,0.0,0.5,4476.4733,4310.47,2026-02-25
sz.399428,0.47,0.8,0.0,0.5,4984.1477,4799.59,2026-02-25
sh.600715,0.47,0.8,0.0,0.5,2.34,2.16,2026-02-25
sh.600732,0.47,0.8,0.0,0.5,14.46,13.16,2026-02-25
sh.600742,0.47,0.8,0.0,0.5,10.93,10.42,2026-02-25
sz.301196,0.47,0.8,0.0,0.5,89.5,80.85,2026-02-25
sz.301217,0.47,0.8,0.0,0.5,48.82,43.85,2026-02-25
sz.301358,0.47,0.8,0.0,0.5,70.74,63.61,2026-02-25
sh.600740,0.47,0.8,0.0,0.5,4.82,4.36,2026-02-25
sh.600792,0.47,0.8,0.0,0.5,4.86,4.39,2026-02-25
sh.600765,0.47,0.8,0.0,0.5,21.58,19.72,2026-02-25
sz.301120,0.47,0.8,0.0,0.5,23.08,20.34,2026-02-24
sz.301160,0.47,0.8,0.0,0.5,68.74,63.02,2026-02-25
sz.301191,0.47,0.8,0.0,0.5,121.5,108.9,2026-02-25
sz.301292,0.47,0.8,0.0,0.5,59.58,51.66,2026-02-25
sz.300099,0.47,0.8,0.0,0.5,8.83,8.23,2026-02-25
sz.002378,0.47,0.8,0.0,0.5,33.55,29.82,2026-02-25
sz.002353,0.47,0.8,0.0,0.5,103.7,91.39,2026-02-24
sz.002364,0.47,0.8,0.0,0.5,35.48,31.37,2026-02-25
sz.002297,0.47,0.8,0.0,0.5,13.63,12.35,2026-02-25
sz.002309,0.47,0.8,0.0,0.5,3.47,3.17,2026-02-25
sz.399602,0.47,0.8,0.0,0.5,1380.3524,1333.36,2026-02-25
sh.600123,0.47,0.8,0.0,0.5,6.32,6.0,2026-02-25
sh.600126,0.47,0.8,0.0,0.5,8.91,8.1,2026-02-25
sz.000973,0.47,0.8,0.0,0.5,14.51,12.96,2026-02-25
sz.001212,0.47,0.8,0.0,0.5,53.18,48.86,2026-02-25
sz.001286,0.47,0.8,0.0,0.5,10.14,9.72,2026-02-25
sz.000993,0.47,0.8,0.0,0.5,12.83,11.98,2026-02-25
sz.001288,0.47,0.8,0.0,0.5,38.44,34.44,2026-02-24
sz.000957,0.47,0.8,0.0,0.5,12.23,11.65,2026-02-25
sz.000962,0.47,0.8,0.0,0.5,51.32,44.98,2026-02-25
sz.300991,0.47,0.8,0.0,0.5,56.39,51.01,2026-02-25
sh.600875,0.47,0.8,0.0,0.5,33.95,30.62,2026-02-25
sh.600963,0.47,0.8,0.0,0.5,6.14,5.5,2026-02-25
sh.600893,0.47,0.8,0.0,0.5,58.35,52.84,2026-02-24
sz.301018,0.47,0.8,0.0,0.5,97.71,85.41,2026-02-25
sz.301029,0.47,0.8,0.0,0.5,29.53,27.63,2026-02-25
sz.301012,0.47,0.8,0.0,0.5,29.76,27.44,2026-02-25
sh.600984,0.47,0.8,0.0,0.5,5.2,4.72,2026-02-25
sh.600987,0.47,0.8,0.0,0.5,8.65,7.99,2026-02-25
sh.601011,0.47,0.8,0.0,0.5,3.69,3.35,2026-02-25
sz.300872,0.47,0.8,0.0,0.5,19.05,17.7,2026-02-25
sz.300938,0.47,0.8,0.0,0.5,36.6,32.63,2026-02-25
sz.002757,0.47,0.8,0.0,0.5,23.11,20.14,2026-02-25
sh.600110,0.47,0.8,0.0,0.5,8.17,7.5,2026-02-25
sz.002340,0.47,0.8,0.0,0.5,9.84,9.04,2026-02-25
sz.002348,0.47,0.8,0.0,0.5,7.57,6.99,2026-02-25
sz.300913,0.47,0.8,0.0,0.5,54.6,49.99,2026-02-24
sz.300990,0.47,0.8,0.0,0.5,89.36,80.03,2026-02-25
sz.001203,0.47,0.8,0.0,0.5,39.84,35.27,2026-02-25
sz.300158,0.47,0.8,0.0,0.5,6.23,5.76,2026-02-25
sz.300819,0.47,0.8,0.0,0.5,53.38,45.5,2026-02-25
sh.601096,0.47,0.8,0.0,0.5,6.36,5.77,2026-02-25
sh.601118,0.47,0.8,0.0,0.5,7.83,7.01,2026-02-25
sh.601231,0.47,0.8,0.0,0.5,44.94,39.51,2026-02-25
sh.601208,0.47,0.8,0.0,0.5,31.74,28.18,2026-02-25
sh.601567,0.47,0.8,0.0,0.5,26.0,24.06,2026-02-25
sh.601390,0.47,0.8,0.0,0.5,6.19,5.74,2026-02-25
sh.601515,0.47,0.8,0.0,0.5,4.91,4.59,2026-02-25
sh.600376,0.47,0.8,0.0,0.5,5.75,5.24,2026-02-25
sh.600395,0.47,0.8,0.0,0.5,5.87,5.48,2026-02-24
sz.300010,0.47,0.8,0.0,0.5,7.44,6.77,2026-02-25
sz.300008,0.47,0.8,0.0,0.5,9.66,8.71,2026-02-24
sz.300014,0.47,0.8,0.0,0.5,65.46,60.65,2026-02-25
sz.002109,0.47,0.8,0.0,0.5,4.44,4.07,2026-02-25
sz.002099,0.47,0.8,0.0,0.5,8.03,7.06,2026-02-25
sz.300811,0.47,0.8,0.0,0.5,85.98,77.89,2026-02-25
sz.300847,0.47,0.8,0.0,0.5,18.79,17.84,2026-02-25
sz.000833,0.47,0.8,0.0,0.5,24.28,21.81,2026-02-25
sz.000912,0.47,0.8,0.0,0.5,4.91,4.62,2026-02-25
sz.000829,0.47,0.8,0.0,0.5,10.82,10.11,2026-02-25
sz.000823,0.47,0.8,0.0,0.5,15.96,14.94,2026-02-25
sh.601872,0.47,0.8,0.0,0.5,14.75,13.26,2026-02-25
sz.300788,0.47,0.8,0.0,0.5,42.74,38.72,2026-02-25
sz.002432,0.47,0.8,0.0,0.5,44.91,42.5,2026-02-25
sz.002438,0.47,0.8,0.0,0.5,18.95,17.07,2026-02-25
sz.002350,0.47,0.8,0.0,0.5,10.18,9.43,2026-02-25
sz.002384,0.47,0.8,0.0,0.5,79.52,71.15,2026-02-25
sz.000039,0.47,0.8,0.0,0.5,12.33,11.23,2026-02-25
sh.603980,0.47,0.8,0.0,0.5,8.4,7.55,2026-02-25
sz.002497,0.47,0.8,0.0,0.5,28.98,26.06,2026-02-25
sz.002416,0.47,0.8,0.0,0.5,13.86,13.05,2026-02-25
sz.002421,0.47,0.8,0.0,0.5,2.97,2.8,2026-02-25
sz.002580,0.47,0.8,0.0,0.5,13.42,12.81,2026-02-25
sz.002756,0.47,0.8,0.0,0.5,56.99,51.13,2026-02-25
sz.000839,0.47,0.8,0.0,0.5,3.77,3.46,2026-02-25
sz.000822,0.47,0.8,0.0,0.5,6.75,6.1,2026-02-25
sh.605277,0.47,0.8,0.0,0.5,26.0,24.32,2026-02-25
sh.603876,0.47,0.8,0.0,0.5,19.73,17.65,2026-02-25
sh.603887,0.47,0.8,0.0,0.5,15.89,14.52,2026-02-25
sz.300207,0.47,0.8,0.0,0.5,26.09,24.26,2026-02-25
sz.300209,0.47,0.8,0.0,0.5,8.1,7.09,2026-02-25
sz.300373,0.47,0.8,0.0,0.5,90.0,81.66,2026-02-25
sh.601858,0.47,0.8,0.0,0.5,22.87,20.92,2026-02-25
sh.603002,0.47,0.8,0.0,0.5,11.54,10.59,2026-02-25
sh.603010,0.47,0.8,0.0,0.5,12.31,11.48,2026-02-25
sh.000027,0.47,0.8,0.0,0.5,782.834,759.61,2026-02-24
sh.600256,0.47,0.8,0.0,0.5,5.83,5.48,2026-02-25
sz.300749,0.47,0.8,0.0,0.5,34.39,29.82,2026-02-24
sz.300739,0.47,0.8,0.0,0.5,25.03,22.7,2026-02-24
sh.603088,0.47,0.8,0.0,0.5,13.15,12.19,2026-02-25
sz.300666,0.47,0.8,0.0,0.5,159.3,143.87,2026-02-25
sz.300727,0.47,0.8,0.0,0.5,37.72,34.9,2026-02-25
sh.600150,0.47,0.8,0.0,0.5,38.1,36.02,2026-02-25
sz.000767,0.47,0.8,0.0,0.5,3.68,3.38,2026-02-25
sh.600292,0.47,0.8,0.0,0.5,16.01,14.94,2026-02-25
sz.000811,0.47,0.8,0.0,0.5,19.13,17.6,2026-02-25
sz.300222,0.47,0.8,0.0,0.5,12.23,11.56,2026-02-25
sz.300638,0.47,0.8,0.0,0.5,29.92,27.61,2026-02-25
sh.603115,0.47,0.8,0.0,0.5,28.47,25.71,2026-02-25
sh.603155,0.47,0.8,0.0,0.5,19.91,18.53,2026-02-25
sh.603158,0.47,0.8,0.0,0.5,10.99,10.39,2026-02-25
sh.603058,0.47,0.8,0.0,0.5,13.01,11.75,2026-02-25
sz.300231,0.47,0.8,0.0,0.5,11.58,10.94,2026-02-25
sz.002470,0.47,0.8,0.0,0.5,2.56,2.35,2026-02-25
sz.002913,0.47,0.8,0.0,0.5,45.84,42.46,2026-02-25
sz.002885,0.47,0.8,0.0,0.5,30.18,27.47,2026-02-25
sz.002919,0.47,0.8,0.0,0.5,26.97,24.43,2026-02-25
sz.002937,0.47,0.8,0.0,0.5,25.62,23.01,2026-02-25
sz.002975,0.47,0.8,0.0,0.5,83.6,75.08,2026-02-25
sz.002138,0.47,0.8,0.0,0.5,42.21,39.07,2026-02-25
sz.002162,0.47,0.8,0.0,0.5,5.68,5.3,2026-02-24
sh.000031,0.47,0.8,0.0,0.5,3201.9711,3129.16,2026-02-24
sz.002169,0.47,0.8,0.0,0.5,15.73,14.24,2026-02-25
sh.605018,0.47,0.8,0.0,0.5,12.7,11.97,2026-02-25
sh.605020,0.47,0.8,0.0,0.5,29.85,28.06,2026-02-25
sh.600409,0.47,0.8,0.0,0.5,8.8,7.93,2026-02-25
sh.600482,0.47,0.8,0.0,0.5,33.42,30.56,2026-02-25
sh.600513,0.47,0.8,0.0,0.5,20.43,18.61,2026-02-24
sh.603991,0.47,0.8,0.0,0.5,94.01,86.35,2026-02-25
sz.002498,0.47,0.8,0.0,0.5,8.2,7.33,2026-02-25
sz.002478,0.47,0.8,0.0,0.5,11.55,10.29,2026-02-25
sz.002709,0.47,0.8,0.0,0.5,44.0,40.57,2026-02-25
sz.002703,0.47,0.8,0.0,0.5,25.05,22.23,2026-02-25
sh.000104,0.47,0.8,0.0,0.5,1563.8426,1476.7,2026-02-25
sz.000688,0.47,0.8,0.0,0.5,35.82,31.28,2026-02-25
sz.000712,0.47,0.8,0.0,0.5,13.12,12.4,2026-02-25
sh.605007,0.47,0.8,0.0,0.5,17.23,15.71,2026-02-25
sz.000690,0.47,0.8,0.0,0.5,4.5,4.32,2026-02-25
sz.000582,0.47,0.8,0.0,0.5,10.6,9.94,2026-02-25
sz.000601,0.47,0.8,0.0,0.5,5.39,5.15,2026-02-25
sh.603189,0.47,0.8,0.0,0.5,21.42,19.9,2026-02-25
sh.603209,0.47,0.8,0.0,0.5,16.12,15.38,2026-02-25
sh.605060,0.47,0.8,0.0,0.5,68.28,59.28,2026-02-25
sz.300648,0.47,0.8,0.0,0.5,62.6,57.08,2026-02-25
sh.000032,0.47,0.8,0.0,0.5,2252.5223,2139.16,2026-02-24
sz.000672,0.47,0.8,0.0,0.5,15.68,14.29,2026-02-25
sh.000029,0.47,0.8,0.0,0.5,4300.5985,4185.0,2026-02-24
sz.300285,0.47,0.8,0.0,0.5,35.29,31.41,2026-02-25
sz.000555,0.47,0.8,0.0,0.5,18.0,16.57,2026-02-25
sz.000552,0.47,0.8,0.0,0.5,2.55,2.41,2026-02-25
sh.603496,0.47,0.8,0.0,0.5,30.13,27.6,2026-02-25
sh.000034,0.47,0.8,0.0,0.5,2388.7101,2315.02,2026-02-24
sz.300568,0.47,0.8,0.0,0.5,14.64,13.51,2026-02-25
sh.000038,0.47,0.8,0.5,0.0,5547.5443,5385.6,2026-02-24
sz.002092,0.47,0.8,0.0,0.5,7.67,6.87,2026-02-25
sz.002106,0.47,0.8,0.0,0.5,12.33,11.8,2026-02-25
sz.002067,0.47,0.8,0.0,0.5,5.85,5.44,2026-02-25
sh.600590,0.47,0.8,0.0,0.5,14.01,12.37,2026-02-25
sh.600580,0.47,0.8,0.0,0.5,45.29,42.15,2026-02-25
sz.000592,0.47,0.8,0.0,0.5,11.03,9.4,2026-02-25
sz.300304,0.47,0.8,0.0,0.5,14.14,13.2,2026-02-25
sz.300319,0.47,0.8,0.0,0.5,13.56,12.74,2026-02-25
sh.600545,0.47,0.8,0.0,0.5,3.38,3.04,2026-02-25
sz.300300,0.47,0.8,0.0,0.5,12.72,10.75,2026-02-25
sz.300320,0.47,0.8,0.0,0.5,11.22,10.56,2026-02-25
sh.603612,0.47,0.8,0.0,0.5,33.42,30.18,2026-02-25
sz.301526,0.47,0.8,0.0,0.5,15.19,13.19,2026-02-24
sh.600331,0.47,0.8,0.0,0.5,19.47,17.42,2026-02-25
sh.600353,0.47,0.8,0.0,0.5,19.11,17.47,2026-02-25
sh.600340,0.47,0.8,0.0,0.5,1.75,1.55,2026-02-25
sz.301580,0.47,0.8,0.0,0.5,75.8,68.83,2026-02-25
sz.399339,0.47,0.8,0.0,0.5,9413.6434,9093.65,2026-02-25
sz.002922,0.47,0.8,0.0,0.5,46.45,41.19,2026-02-25
sz.300055,0.47,0.8,0.0,0.5,9.04,8.36,2026-02-25
sz.002210,0.47,0.8,0.0,0.5,3.29,3.09,2026-02-25
sz.002971,0.47,0.8,0.0,0.5,33.75,31.29,2026-02-25
sz.300068,0.47,0.8,0.0,0.5,15.81,14.83,2026-02-25
sz.002506,0.47,0.8,0.0,0.5,4.74,4.01,2026-02-24
sz.300088,0.47,0.8,0.0,0.5,6.71,6.35,2026-02-25
sz.002533,0.47,0.8,0.0,0.5,14.95,13.94,2026-02-25
sz.002624,0.47,0.8,0.0,0.5,21.19,18.86,2026-02-25
sh.603626,0.47,0.8,0.0,0.5,26.9,23.51,2026-02-25
sz.002008,0.47,0.8,0.0,0.5,63.38,57.54,2026-02-25
sh.603393,0.47,0.8,0.0,0.5,31.64,29.76,2026-02-25
sh.600683,0.47,0.8,0.0,0.5,7.47,6.65,2026-02-25
sz.300551,0.47,0.8,0.0,0.5,20.4,18.47,2026-02-25
sh.603685,0.47,0.8,0.0,0.5,27.9,25.37,2026-02-25
sh.603688,0.47,0.8,0.0,0.5,49.63,45.24,2026-02-25
sh.603663,0.47,0.8,0.0,0.5,44.57,40.33,2026-02-25
sh.603588,0.47,0.8,0.0,0.5,11.69,10.82,2026-02-25
sz.000517,0.47,0.8,0.0,0.5,2.23,2.06,2026-02-24
sz.000415,0.47,0.8,0.0,0.5,5.31,4.91,2026-02-24
sz.000525,0.47,0.8,0.0,0.5,6.45,5.8,2026-02-25
sz.002300,0.47,0.8,0.0,0.5,9.65,8.79,2026-02-25
sz.300328,0.47,0.8,0.0,0.5,18.65,16.82,2026-02-25
sz.002235,0.47,0.8,0.0,0.5,10.72,9.72,2026-02-25
sz.300493,0.47,0.8,0.0,0.5,19.93,18.28,2026-02-25
sz.300469,0.47,0.8,0.0,0.5,70.68,64.17,2026-02-25
sh.603757,0.47,0.8,0.0,0.5,44.73,40.9,2026-02-25
sz.000571,0.47,0.8,0.0,0.5,7.45,6.8,2026-02-25
sz.399615,0.47,0.8,0.0,0.5,4575.708,4397.89,2026-02-25
sh.603867,0.47,0.8,0.0,0.5,33.16,30.49,2026-02-25
sz.300497,0.47,0.8,0.0,0.5,16.54,15.03,2026-02-25
sz.300499,0.47,0.8,0.0,0.5,31.79,28.64,2026-02-25
sz.300507,0.47,0.8,0.0,0.5,10.04,9.42,2026-02-25
sz.300369,0.47,0.8,0.0,0.5,9.66,8.35,2026-02-25
sz.300352,0.47,0.8,0.0,0.5,6.95,6.34,2026-02-25
sh.605376,0.47,0.8,0.0,0.5,120.0,106.17,2026-02-25
sz.000006,0.47,0.8,0.0,0.5,9.68,8.88,2026-02-25
sh.605377,0.47,0.8,0.0,0.5,9.14,8.65,2026-02-25
sh.000070,0.47,0.8,0.0,0.5,3181.8677,3012.09,2026-02-24
sz.002520,0.47,0.8,0.0,0.5,6.98,6.51,2026-02-25
sz.002531,0.47,0.8,0.0,0.5,9.81,9.05,2026-02-25
sh.000076,0.47,0.8,0.5,0.0,5493.1158,5340.59,2026-02-24
sz.002837,0.47,0.8,0.0,0.5,109.72,96.91,2026-02-25
sh.000072,0.47,0.8,0.0,0.5,3283.2248,3175.54,2026-02-24
sh.000018,0.47,0.8,0.5,0.0,5572.8188,5415.83,2026-02-24
sz.002840,0.47,0.8,0.0,0.5,9.86,9.51,2026-02-24
sh.000053,0.47,0.8,0.0,0.5,12544.9667,12247.8,2026-02-24
sz.300461,0.47,0.8,0.0,0.5,57.51,49.75,2026-02-25
sh.000052,0.47,0.8,0.0,0.5,2941.1671,2864.63,2026-02-24
sz.002811,0.47,0.8,0.0,0.5,17.75,16.41,2026-02-25
sz.399668,0.47,0.8,0.0,0.5,5273.348,5079.18,2026-02-25
sz.399680,0.47,0.8,0.0,0.5,963.8678,894.96,2026-02-25
sz.399682,0.47,0.8,0.0,0.5,2057.849,1977.92,2026-02-25
sz.002632,0.47,0.8,0.0,0.5,13.5,12.56,2026-02-25
sz.002606,0.47,0.8,0.0,0.5,13.02,11.87,2026-02-25
sh.000040,0.47,0.8,0.0,0.5,4409.9981,4224.95,2026-02-24
sh.000015,0.47,0.8,0.0,0.5,3183.8881,3095.4,2026-02-24
sz.002886,0.47,0.8,0.0,0.5,24.43,22.84,2026-02-25
sz.002897,0.47,0.8,0.0,0.5,60.2,54.64,2026-02-25
sh.605289,0.47,0.8,0.0,0.5,108.88,97.84,2026-02-25
sh.605299,0.47,0.8,0.0,0.5,12.56,11.64,2026-02-25
sz.399410,0.47,0.8,0.0,0.5,3525.6542,3333.38,2026-02-25
sh.605318,0.47,0.8,0.0,0.5,78.09,70.81,2026-02-25
sh.605366,0.47,0.8,0.0,0.5,8.67,7.95,2026-02-25
sz.399417,0.47,0.8,0.0,0.5,3998.7274,3832.67,2026-02-25
sz.300397,0.47,0.8,0.0,0.5,14.86,13.76,2026-02-25
sz.300480,0.47,0.8,0.0,0.5,27.72,24.63,2026-02-25
sh.600163,0.47,0.8,0.0,0.5,6.16,5.78,2026-02-24
sz.300398,0.47,0.8,0.0,0.5,31.98,28.75,2026-02-25
sz.002635,0.47,0.8,0.0,0.5,14.79,14.13,2026-02-25
sh.603099,0.45,0.0,1.0,0.5,39.3,36.38,2026-02-25
sh.600008,0.45,0.0,0.5,1.0,3.11,3.02,2026-02-25
sz.300803,0.45,0.0,0.5,1.0,117.77,109.24,2026-02-25
sz.300255,0.45,0.0,0.5,1.0,46.63,40.54,2026-02-25
sh.603127,0.45,0.0,1.0,0.5,35.23,31.58,2026-02-25
sz.002315,0.45,0.0,1.0,0.5,45.05,40.71,2026-02-25
sh.603122,0.42,0.3,0.5,0.5,16.99,15.1,2026-02-25
sz.000536,0.42,0.3,0.0,1.0,4.74,4.48,2026-02-24
sh.603026,0.42,0.3,0.0,1.0,69.08,62.69,2026-02-25
sz.300290,0.42,0.3,0.5,0.5,17.65,16.13,2026-02-25
sz.000980,0.42,0.3,0.0,1.0,3.22,2.95,2026-02-25
sh.600027,0.42,0.3,0.0,1.0,4.9,4.77,2026-02-25
sh.603131,0.42,0.3,0.0,1.0,25.36,23.14,2026-02-25
sh.603363,0.42,0.3,0.0,1.0,4.16,3.93,2026-02-25
sz.300769,0.42,0.3,0.0,1.0,42.86,39.53,2026-02-25
sz.300111,0.42,0.3,0.0,1.0,4.78,4.25,2026-02-25
sz.301069,0.42,0.3,0.0,1.0,26.24,24.29,2026-02-25
sz.002940,0.42,0.3,0.5,0.5,32.18,30.2,2026-02-24
sh.600682,0.42,0.3,0.0,1.0,7.36,6.91,2026-02-25
sz.002104,0.42,0.3,0.0,1.0,18.5,17.34,2026-02-25
sh.603386,0.42,0.3,0.0,1.0,15.53,14.45,2026-02-25
sz.002596,0.42,0.3,0.0,1.0,4.49,4.12,2026-02-25
sh.603650,0.4,1.0,0.0,0.0,61.33,55.62,2026-02-25
sz.002552,0.35,0.5,0.0,0.5,20.45,18.45,2026-02-24
sz.002553,0.35,0.5,0.0,0.5,28.58,26.96,2026-02-25
sz.399235,0.35,0.5,0.0,0.5,1155.3576,1116.54,2026-02-25
sh.000021,0.35,0.5,0.0,0.5,1101.6946,1073.51,2026-02-24
sh.000001,0.35,0.5,0.0,0.5,4117.4089,4027.36,2026-02-24
sh.000048,0.35,0.5,0.0,0.5,1466.2929,1431.23,2026-02-24
sh.000047,0.35,0.5,0.0,0.5,4114.5713,4011.26,2026-02-24
sh.000016,0.35,0.5,0.0,0.5,3041.3242,2962.09,2026-02-24
sz.399704,0.35,0.5,0.0,0.5,8461.9029,7852.43,2026-02-25
sz.399813,0.35,0.5,0.0,0.5,8903.565,8466.58,2026-02-25
sh.000044,0.35,0.5,0.0,0.5,4763.2882,4645.42,2026-02-24
sh.000042,0.35,0.5,0.0,0.5,1785.2686,1748.09,2026-02-24
sh.000006,0.35,0.5,0.0,0.5,4372.6471,4225.5,2026-02-24
sh.000004,0.35,0.5,0.0,0.5,3950.9408,3838.52,2026-02-25
sh.000030,0.35,0.5,0.0,0.5,2709.6581,2626.74,2026-02-24
sz.300360,0.35,0.5,0.0,0.5,17.92,16.87,2026-02-25
sh.000019,0.35,0.5,0.0,0.5,1268.135,1237.9,2026-02-24
sh.000065,0.35,0.5,0.0,0.5,3802.9472,3703.47,2026-02-24
sh.000059,0.35,0.5,0.0,0.5,3571.7048,3462.82,2026-02-24
sz.002570,0.35,0.5,0.0,0.5,6.17,5.99,2026-02-25
sz.399657,0.35,0.5,0.0,0.5,7876.2821,7639.54,2026-02-25
sh.000120,0.35,0.5,0.0,0.5,10999.9939,10629.04,2026-02-25
sh.000111,0.35,0.5,0.0,0.5,11552.3552,10933.3,2026-02-25
sz.002654,0.35,0.5,0.0,0.5,15.52,14.16,2026-02-25
sz.002648,0.35,0.5,0.0,0.5,23.43,21.43,2026-02-25
sz.002636,0.35,0.5,0.0,0.5,27.12,24.34,2026-02-25
sh.000058,0.35,0.5,0.0,0.5,4704.1112,4583.82,2026-02-24
sh.000062,0.35,0.5,0.0,0.5,2187.2816,2128.96,2026-02-24
sh.000060,0.35,0.5,0.0,0.5,4552.2948,4448.42,2026-02-24
sz.300490,0.35,0.5,0.0,0.5,16.84,14.67,2026-02-25
sz.300364,0.35,0.5,0.0,0.5,32.4,26.64,2026-02-25
sz.300348,0.35,0.5,0.0,0.5,14.32,13.44,2026-02-25
sz.300349,0.35,0.5,0.0,0.5,17.28,15.51,2026-02-25
sz.000400,0.35,0.5,0.0,0.5,31.57,29.23,2026-02-25
sz.000510,0.35,0.5,0.0,0.5,18.7,15.98,2026-02-25
sz.300576,0.35,0.5,0.0,0.5,42.6,39.64,2026-02-25
sz.300593,0.35,0.5,0.0,0.5,31.72,27.91,2026-02-25
sz.300567,0.35,0.5,0.0,0.5,155.0,135.25,2026-02-25
sz.300528,0.35,0.5,0.0,0.5,20.1,15.87,2026-02-25
sz.300520,0.35,0.5,0.0,0.5,44.92,37.48,2026-02-25
sz.300259,0.35,0.5,0.0,0.5,4.8,4.54,2026-02-24
sz.000591,0.35,0.5,0.0,0.5,5.66,5.22,2026-02-25
sh.603690,0.35,0.5,0.0,0.5,28.75,26.93,2026-02-25
sz.300541,0.35,0.5,0.0,0.5,16.23,15.23,2026-02-25
sh.603598,0.35,0.5,0.0,0.5,25.35,20.67,2026-02-25
sh.603596,0.35,0.5,0.0,0.5,52.9,49.32,2026-02-25
sz.300315,0.35,0.5,0.0,0.5,5.83,5.24,2026-02-25
sz.399644,0.35,0.5,0.0,0.5,3789.0447,3683.14,2026-02-25
sz.399640,0.35,0.5,0.0,0.5,3153.0719,3033.45,2026-02-25
sh.000100,0.35,0.5,0.0,0.5,6401.4409,6240.89,2026-02-24
sh.000098,0.35,0.5,0.0,0.5,5604.0773,5461.72,2026-02-24
sh.000095,0.35,0.5,0.0,0.5,4332.2769,4176.07,2026-02-25
sh.000161,0.35,0.5,0.0,0.5,1966.4047,1892.52,2026-02-25
sh.000852,0.35,0.5,0.0,0.5,8426.3314,8128.47,2026-02-25
sh.000854,0.35,0.5,0.0,0.5,7411.7063,6958.51,2026-02-25
sh.000856,0.35,0.5,0.0,0.5,8666.482,8300.99,2026-02-25
sh.000115,0.35,0.5,0.0,0.5,9670.7355,9363.71,2026-02-25
sh.000802,0.35,0.5,0.0,0.5,8557.1495,8262.98,2026-02-25
sz.002471,0.35,0.5,0.0,0.5,9.38,7.94,2026-02-25
sz.399666,0.35,0.5,0.0,0.5,2359.635,2247.6,2026-02-25
sz.399665,0.35,0.5,0.0,0.5,2568.0165,2495.85,2026-02-25
sz.399659,0.35,0.5,0.0,0.5,5245.1922,5073.91,2026-02-25
sh.000141,0.35,0.5,0.0,0.5,4428.3955,4256.89,2026-02-25
sh.000137,0.35,0.5,0.0,0.5,6801.668,6482.33,2026-02-25
sz.002460,0.35,0.5,0.0,0.5,71.33,65.19,2026-02-25
sz.002459,0.35,0.5,0.0,0.5,12.16,11.01,2026-02-24
sz.002428,0.35,0.5,0.0,0.5,40.35,36.01,2026-02-25
sz.002452,0.35,0.5,0.0,0.5,10.71,9.99,2026-02-25
sz.002413,0.35,0.5,0.0,0.5,15.1,13.08,2026-02-25
sz.002734,0.35,0.5,0.0,0.5,20.08,18.25,2026-02-25
sh.000119,0.35,0.5,0.0,0.5,4924.1618,4744.17,2026-02-25
sh.000093,0.35,0.5,0.0,0.5,12578.9793,12275.96,2026-02-24
sh.000097,0.35,0.5,0.0,0.5,12912.7385,12374.14,2026-02-24
sh.000092,0.35,0.5,0.0,0.5,5765.3741,5422.86,2026-02-24
sh.603232,0.35,0.5,0.0,0.5,24.09,20.94,2026-02-25
sz.000612,0.35,0.5,0.0,0.5,14.39,12.94,2026-02-25
sz.000723,0.35,0.5,0.0,0.5,5.07,4.69,2026-02-25
sz.000700,0.35,0.5,0.0,0.5,14.81,12.89,2026-02-25
sz.300711,0.35,0.5,0.0,0.5,27.7,25.21,2026-02-25
sh.603012,0.35,0.5,0.0,0.5,8.06,7.43,2026-02-25
sh.601595,0.35,0.5,0.0,0.5,29.88,26.08,2026-02-25
sz.300790,0.35,0.5,0.0,0.5,27.0,25.23,2026-02-25
sz.300236,0.35,0.5,0.0,0.5,82.08,74.14,2026-02-25
sz.000819,0.35,0.5,0.0,0.5,16.8,15.69,2026-02-24
sz.000778,0.35,0.5,0.0,0.5,5.17,4.83,2026-02-25
sh.603000,0.35,0.5,0.0,0.5,23.21,19.95,2026-02-25
sz.300731,0.35,0.5,0.0,0.5,66.08,56.42,2026-02-25
sz.300684,0.35,0.5,0.0,0.5,56.65,50.91,2026-02-25
sz.300655,0.35,0.5,0.0,0.5,18.29,16.77,2026-02-25
sh.603113,0.35,0.5,0.0,0.5,7.29,6.83,2026-02-25
sz.002427,0.35,0.5,0.0,0.5,7.74,7.04,2026-02-25
sz.002405,0.35,0.5,0.0,0.5,11.02,10.19,2026-02-25
sh.000146,0.35,0.5,0.0,0.5,8992.3317,8637.11,2026-02-25
sh.000102,0.35,0.5,0.0,0.5,8812.8721,8367.86,2026-02-24
sh.000128,0.35,0.5,0.0,0.5,10072.2868,9739.73,2026-02-25
sh.000099,0.35,0.5,0.0,0.5,9923.7097,9614.38,2026-02-24
sh.000017,0.35,0.5,0.0,0.5,3480.3277,3404.15,2026-02-24
sh.000982,0.35,0.5,0.0,0.5,10161.3864,9822.38,2026-02-25
sh.000966,0.35,0.5,0.0,0.5,9869.9176,9525.96,2026-02-25
sh.000905,0.35,0.5,0.0,0.5,8527.5593,8213.1,2026-02-25
sh.603097,0.35,0.5,0.0,0.5,37.8,33.47,2026-02-25
sh.603083,0.35,0.5,0.0,0.5,105.98,94.88,2026-02-25
sz.300726,0.35,0.5,0.0,0.5,52.4,47.85,2026-02-25
sz.300740,0.35,0.5,0.0,0.5,23.63,22.04,2026-02-25
sh.601388,0.35,0.5,0.0,0.5,4.2,3.8,2026-02-25
sh.601008,0.35,0.5,0.0,0.5,5.37,5.16,2026-02-25
sz.300153,0.35,0.5,0.0,0.5,34.61,31.02,2026-02-25
sz.300151,0.35,0.5,0.0,0.5,17.55,16.08,2026-02-25
sz.300164,0.35,0.5,0.0,0.5,12.82,10.69,2026-02-24
sz.000990,0.35,0.5,0.0,0.5,8.94,8.35,2026-02-25
sz.300770,0.35,0.5,0.0,0.5,45.55,42.6,2026-02-25
sh.601868,0.35,0.5,0.0,0.5,2.49,2.39,2026-02-25
sz.399802,0.35,0.5,0.0,0.5,8066.8299,7739.97,2026-02-25
sz.000949,0.35,0.5,0.0,0.5,7.35,6.47,2026-02-25
sz.000892,0.35,0.5,0.0,0.5,7.41,6.25,2026-02-25
sh.601678,0.35,0.5,0.0,0.5,5.63,5.16,2026-02-25
sh.600078,0.35,0.5,0.0,0.5,13.46,12.05,2026-02-25
sz.002796,0.35,0.5,0.0,0.5,47.76,41.04,2026-02-25
sz.002766,0.35,0.5,0.0,0.5,5.92,5.42,2026-02-25
sz.001283,0.35,0.5,0.0,0.5,69.42,66.32,2026-02-25
sz.300128,0.35,0.5,0.0,0.5,7.57,6.99,2026-02-25
sz.300121,0.35,0.5,0.0,0.5,13.74,12.94,2026-02-25
sz.399679,0.35,0.5,0.0,0.5,7279.8434,6990.44,2026-02-25
sz.300109,0.35,0.5,0.0,0.5,19.73,18.31,2026-02-25
sh.600121,0.35,0.5,0.0,0.5,4.53,4.16,2026-02-25
sh.600105,0.35,0.5,0.0,0.5,28.1,24.49,2026-02-25
sz.002290,0.35,0.5,0.0,0.5,64.14,57.93,2026-02-24
sz.002366,0.35,0.5,0.0,0.5,7.81,7.34,2026-02-25
sz.002361,0.35,0.5,0.0,0.5,13.43,11.05,2026-02-24
sz.399635,0.35,0.5,0.0,0.5,2459.0279,2359.71,2026-02-25
sz.399643,0.35,0.5,0.0,0.5,4133.0524,3960.44,2026-02-25
sz.399625,0.35,0.5,0.0,0.5,2606.8296,2515.98,2026-02-25
sz.399633,0.35,0.5,0.0,0.5,6855.3752,6634.11,2026-02-25
sz.399624,0.35,0.5,0.0,0.5,2905.9589,2789.07,2026-02-25
sz.399614,0.35,0.5,0.0,0.5,4518.1997,4252.12,2026-02-25
sz.001298,0.35,0.5,0.0,0.5,31.33,29.81,2026-02-25
sz.301031,0.35,0.5,0.0,0.5,147.79,136.09,2026-02-25
sz.399429,0.35,0.5,0.0,0.5,2016.3774,1935.32,2026-02-25
sz.399409,0.35,0.5,0.0,0.5,7460.4153,7102.91,2026-02-25
sz.002266,0.35,0.5,0.0,0.5,5.12,4.75,2026-02-25
sz.002250,0.35,0.5,0.0,0.5,17.68,16.0,2026-02-25
sz.002292,0.35,0.5,0.0,0.5,9.27,8.4,2026-02-25
sz.399681,0.35,0.5,0.0,0.5,1578.2881,1482.76,2026-02-25
sh.600141,0.35,0.5,0.0,0.5,43.75,39.85,2026-02-25
sh.600143,0.35,0.5,0.0,0.5,19.34,18.04,2026-02-25
sh.600089,0.35,0.5,0.0,0.5,30.22,27.59,2026-02-25
sz.300919,0.35,0.5,0.0,0.5,57.11,51.36,2026-02-25
sz.300975,0.35,0.5,0.0,0.5,15.7,14.29,2026-02-25
sz.300905,0.35,0.5,0.0,0.5,37.44,34.88,2026-02-25
sh.000009,0.35,0.5,0.0,0.5,7440.5385,7186.96,2026-02-25
sz.300969,0.35,0.5,0.0,0.5,151.64,130.48,2026-02-25
sz.301248,0.35,0.5,0.0,0.5,50.3,45.49,2026-02-25
sz.300087,0.35,0.5,0.0,0.5,8.82,8.19,2026-02-25
sz.002074,0.35,0.5,0.0,0.5,38.42,36.19,2026-02-25
sz.399376,0.35,0.5,0.0,0.5,7235.807,6952.07,2026-02-25
sz.399337,0.35,0.5,0.0,0.5,6799.7749,6561.09,2026-02-25
sz.399360,0.35,0.5,0.0,0.5,8379.8159,8057.81,2026-02-25
sh.600230,0.35,0.5,0.0,0.5,23.5,20.67,2026-02-25
sh.600173,0.35,0.5,0.0,0.5,8.58,7.82,2026-02-25
sz.002785,0.35,0.5,0.0,0.5,46.16,41.64,2026-02-25
sz.002772,0.35,0.5,0.0,0.5,17.87,15.87,2026-02-25
sz.399610,0.35,0.5,0.0,0.5,10091.3657,9643.04,2026-02-25
sz.300083,0.35,0.5,0.0,0.5,8.97,8.47,2026-02-25
sz.002040,0.35,0.5,0.0,0.5,10.76,10.04,2026-02-25
sz.002036,0.35,0.5,0.0,0.5,11.19,10.39,2026-02-25
sz.002031,0.35,0.5,0.0,0.5,7.8,7.36,2026-02-25
sz.002006,0.35,0.5,0.0,0.5,20.85,19.62,2026-02-25
sh.000045,0.35,0.5,0.0,0.5,6471.751,6250.81,2026-02-25
sz.002255,0.35,0.5,0.0,0.5,12.66,11.86,2026-02-25
sz.002245,0.35,0.5,0.0,0.5,17.67,16.57,2026-02-25
sz.002218,0.35,0.5,0.0,0.5,6.83,5.8,2026-02-25
sz.002213,0.35,0.5,0.0,0.5,27.24,24.78,2026-02-25
sz.399416,0.35,0.5,0.0,0.5,5566.8045,5394.61,2026-02-25
sz.399401,0.35,0.5,0.0,0.5,5421.6507,5231.69,2026-02-25
sz.399368,0.35,0.5,0.0,0.5,9466.4326,8997.51,2026-02-25
sh.600681,0.35,0.5,0.0,0.5,4.25,4.02,2026-02-25
sh.000046,0.35,0.5,0.0,0.5,5517.4322,5362.03,2026-02-24
sh.600775,0.35,0.5,0.0,0.5,14.82,13.6,2026-02-25
sh.600759,0.35,0.5,0.0,0.5,5.43,4.58,2026-02-24
sh.600725,0.35,0.5,0.0,0.5,4.83,4.46,2026-02-24
sh.600758,0.35,0.5,0.0,0.5,3.93,3.69,2026-02-25
sz.301510,0.35,0.5,0.0,0.5,38.53,35.41,2026-02-25
sz.301338,0.35,0.5,0.0,0.5,131.41,114.65,2026-02-25
sz.399010,0.35,0.5,0.0,0.5,9854.3593,9494.55,2026-02-25
sz.399009,0.35,0.5,0.0,0.5,6015.6814,5776.52,2026-02-25
sz.302132,0.35,0.5,0.0,0.5,81.08,76.61,2026-02-24
sz.301551,0.35,0.5,0.0,0.5,35.69,32.17,2026-02-25
sz.002155,0.35,0.5,0.0,0.5,33.93,30.35,2026-02-25
sz.002145,0.35,0.5,0.0,0.5,5.4,5.04,2026-02-25
sz.002129,0.35,0.5,0.0,0.5,10.43,9.38,2026-02-25
sz.301606,0.35,0.5,0.0,0.5,70.72,63.0,2026-02-25
sz.301363,0.35,0.5,0.0,0.5,32.99,29.44,2026-02-25
sh.600619,0.35,0.5,0.0,0.5,18.76,17.69,2026-02-25
sh.600618,0.35,0.5,0.0,0.5,16.15,14.36,2026-02-25
sh.000043,0.35,0.5,0.0,0.5,2587.6118,2518.24,2026-02-24
sz.399002,0.35,0.5,0.0,0.5,19444.1905,18837.22,2026-02-25
sz.399303,0.35,0.5,0.0,0.5,11112.9867,10731.58,2026-02-25
sz.399317,0.35,0.5,0.0,0.5,7370.4916,7174.94,2026-02-25
sh.600370,0.35,0.5,0.0,0.5,2.61,2.27,2026-02-25
sz.399101,0.35,0.5,0.0,0.5,15770.1646,15321.15,2026-02-25
sz.399107,0.35,0.5,0.0,0.5,2873.6716,2791.37,2026-02-25
sz.399102,0.35,0.5,0.0,0.5,4223.8476,4074.12,2026-02-25
sz.399015,0.35,0.5,0.0,0.5,3254.3817,3136.36,2026-02-25
sh.600460,0.35,0.5,0.0,0.5,32.49,30.05,2026-02-25
sh.600435,0.35,0.5,0.0,0.5,17.29,16.11,2026-02-25
sz.002195,0.35,0.5,0.0,0.5,10.57,9.51,2026-02-25
sz.002185,0.35,0.5,0.0,0.5,14.68,13.31,2026-02-25
sz.002206,0.35,0.5,0.0,0.5,7.37,6.88,2026-02-25
sz.002173,0.35,0.5,0.0,0.5,30.12,26.92,2026-02-25
sz.399316,0.35,0.5,0.0,0.5,6791.2235,6552.53,2026-02-25
sz.399346,0.35,0.5,0.0,0.5,4639.3656,4471.54,2026-02-25
sz.399012,0.35,0.5,0.0,0.5,4785.4539,4597.2,2026-02-25
sz.399100,0.35,0.5,0.0,0.5,12921.4402,12549.81,2026-02-25
sz.399011,0.35,0.5,0.0,0.5,7049.0837,6828.47,2026-02-25
sz.399001,0.35,0.5,0.0,0.5,14475.8653,14023.9,2026-02-25
sh.000066,0.35,0.5,0.0,0.5,4277.8508,4030.94,2026-02-24
sh.000010,0.35,0.5,0.0,0.5,10351.6336,10089.96,2026-02-24
sh.603516,0.35,0.5,0.0,0.5,168.45,143.75,2026-02-25
sz.300432,0.35,0.5,0.0,0.5,18.52,17.09,2026-02-25
sz.300471,0.35,0.5,0.0,0.5,15.14,13.63,2026-02-25
sh.603916,0.35,0.5,0.0,0.5,12.74,11.28,2026-02-25
sh.605111,0.35,0.5,0.0,0.5,47.6,43.22,2026-02-25
sz.000035,0.35,0.5,0.0,0.5,6.44,6.02,2026-02-25
sz.300393,0.35,0.5,0.0,0.5,9.28,8.04,2026-02-25
sh.000050,0.35,0.5,0.0,0.5,2434.5801,2375.14,2026-02-24
sh.000094,0.35,0.5,0.0,0.5,5352.9957,4992.27,2026-02-24
sh.000078,0.35,0.5,0.0,0.5,3883.5546,3703.4,2026-02-24
sh.000026,0.35,0.5,0.0,0.5,6383.2878,5960.44,2026-02-24
sh.000090,0.35,0.5,0.0,0.5,1531.3728,1493.43,2026-02-24
sh.000068,0.35,0.5,0.0,0.5,4801.7935,4499.36,2026-02-24
sz.399967,0.35,0.5,0.0,0.5,15595.5969,14764.55,2026-02-25
sh.000051,0.35,0.5,0.0,0.5,9663.1954,9438.87,2026-02-24
sh.000064,0.35,0.5,0.0,0.5,3740.7218,3645.0,2026-02-24
sh.000056,0.35,0.5,0.0,0.5,1291.5407,1255.34,2026-02-24
sz.002588,0.35,0.5,0.0,0.5,11.25,10.53,2026-02-25
sz.002548,0.35,0.5,0.0,0.5,6.84,6.18,2026-02-25
sz.002579,0.35,0.5,0.0,0.5,12.28,11.53,2026-02-25
sz.399982,0.35,0.5,0.0,0.5,10161.3864,9822.38,2026-02-25
sz.399905,0.35,0.5,0.0,0.5,8527.5593,8213.1,2026-02-25
sh.000054,0.35,0.5,0.0,0.5,1605.9144,1557.83,2026-02-24
sh.600478,0.35,0.5,0.0,0.5,7.4,6.95,2026-02-25
sh.600477,0.35,0.5,0.0,0.5,3.98,3.51,2026-02-25
sz.002165,0.35,0.5,0.0,0.5,12.52,10.62,2026-02-24
sz.002131,0.35,0.5,0.0,0.5,9.34,8.04,2026-02-25
sz.399106,0.35,0.5,0.0,0.5,2746.255,2667.66,2026-02-25
sz.399244,0.35,0.5,0.0,0.5,673.9278,653.67,2026-02-25
sh.000002,0.35,0.5,0.0,0.5,4317.2891,4222.79,2026-02-24
sh.000037,0.32,0.8,0.0,0.0,6419.9704,6216.68,2026-02-24
sz.300408,0.32,0.8,0.0,0.0,65.97,59.89,2026-02-25
sz.300403,0.32,0.8,0.0,0.0,14.13,13.34,2026-02-25
sz.300394,0.32,0.8,0.0,0.0,341.51,293.83,2026-02-25
sh.000069,0.32,0.8,0.0,0.0,4857.4522,4736.73,2026-02-24
sz.002597,0.32,0.8,0.0,0.0,26.11,24.16,2026-02-25
sz.399992,0.32,0.8,0.0,0.0,2328.8767,2243.33,2026-02-25
sh.600487,0.32,0.8,0.0,0.0,40.3,35.14,2026-02-25
sh.600469,0.32,0.8,0.0,0.0,7.61,7.05,2026-02-25
sz.300001,0.32,0.8,0.0,0.0,28.6,26.89,2026-02-25
sz.002970,0.32,0.8,0.0,0.0,75.21,67.46,2026-02-25
sz.002859,0.32,0.8,0.0,0.0,42.88,39.07,2026-02-25
sz.002896,0.32,0.8,0.0,0.0,85.18,79.66,2026-02-25
sh.600345,0.32,0.8,0.0,0.0,42.89,37.0,2026-02-25
sz.002951,0.32,0.8,0.0,0.0,16.46,14.56,2026-02-25
sz.002957,0.32,0.8,0.0,0.0,28.09,24.63,2026-02-25
sz.002208,0.32,0.8,0.0,0.0,15.64,13.68,2026-02-25
sz.002164,0.32,0.8,0.0,0.0,14.2,13.35,2026-02-25
sz.002177,0.32,0.8,0.0,0.0,8.45,7.59,2026-02-24
sz.002947,0.32,0.8,0.0,0.0,48.79,45.34,2026-02-25
sh.600522,0.32,0.8,0.0,0.0,25.08,22.41,2026-02-25
sz.300018,0.32,0.8,0.0,0.0,12.78,11.89,2026-02-25
sz.300017,0.32,0.8,0.0,0.0,20.35,17.01,2026-02-25
sz.002150,0.32,0.8,0.0,0.0,26.84,23.52,2026-02-25
sh.600418,0.32,0.8,0.0,0.0,56.0,51.9,2026-02-25
sz.301489,0.32,0.8,0.0,0.0,179.26,159.92,2026-02-25
sz.301486,0.32,0.8,0.0,0.0,212.07,173.05,2026-02-25
sh.600666,0.32,0.8,0.0,0.0,3.94,3.65,2026-02-25
sh.600644,0.32,0.8,0.0,0.0,11.58,10.88,2026-02-25
sh.600629,0.32,0.8,0.0,0.0,20.87,19.16,2026-02-25
sh.600505,0.32,0.8,0.0,0.0,14.59,13.8,2026-02-25
sh.600583,0.32,0.8,0.0,0.0,7.42,6.82,2026-02-25
sz.002063,0.32,0.8,0.0,0.0,6.64,6.3,2026-02-25
sz.002126,0.32,0.8,0.0,0.0,46.17,41.59,2026-02-25
sz.002111,0.32,0.8,0.0,0.0,11.2,10.66,2026-02-25
sh.600352,0.32,0.8,0.0,0.0,16.13,14.6,2026-02-25
sz.002912,0.32,0.8,0.0,0.0,32.75,30.54,2026-02-25
sz.002238,0.32,0.8,0.0,0.0,8.65,7.84,2026-02-24
sz.002215,0.32,0.8,0.0,0.0,12.05,11.2,2026-02-25
sh.600330,0.32,0.8,0.0,0.0,17.42,15.01,2026-02-25
sz.301095,0.32,0.8,0.0,0.0,87.88,79.04,2026-02-25
sz.301291,0.32,0.8,0.0,0.0,60.16,54.2,2026-02-25
sh.600685,0.32,0.8,0.0,0.0,36.96,33.75,2026-02-25
sz.300079,0.32,0.8,0.0,0.0,6.39,5.84,2026-02-25
sz.002080,0.32,0.8,0.0,0.0,51.39,45.83,2026-02-25
sh.600326,0.32,0.8,0.0,0.0,11.3,10.68,2026-02-25
sh.600158,0.32,0.8,0.0,0.0,10.35,9.68,2026-02-25
sh.600203,0.32,0.8,0.0,0.0,12.72,12.12,2026-02-25
sz.002881,0.32,0.8,0.0,0.0,46.35,43.4,2026-02-25
sz.002850,0.32,0.8,0.0,0.0,172.24,155.87,2026-02-25
sz.002270,0.32,0.8,0.0,0.0,33.51,30.46,2026-02-24
sz.002281,0.32,0.8,0.0,0.0,72.27,65.41,2026-02-25
sz.399551,0.32,0.8,0.0,0.0,12099.7714,11590.08,2026-02-25
sz.002042,0.32,0.8,0.0,0.0,4.45,4.21,2026-02-25
sz.002015,0.32,0.8,0.0,0.0,12.56,11.53,2026-02-25
sz.301285,0.32,0.8,0.0,0.0,77.66,70.32,2026-02-25
sz.301228,0.32,0.8,0.0,0.0,44.06,39.27,2026-02-25
sh.600862,0.32,0.8,0.0,0.0,26.7,24.88,2026-02-25
sh.600860,0.32,0.8,0.0,0.0,14.06,12.66,2026-02-25
sh.600841,0.32,0.8,0.0,0.0,10.13,8.92,2026-02-25
sh.600821,0.32,0.8,0.0,0.0,6.54,5.99,2026-02-25
sz.301071,0.32,0.8,0.0,0.0,45.38,40.69,2026-02-25
sh.600186,0.32,0.8,0.0,0.0,6.21,5.68,2026-02-25
sh.600176,0.32,0.8,0.0,0.0,27.62,24.97,2026-02-25
sz.002276,0.32,0.8,0.0,0.0,17.4,16.42,2026-02-25
sz.002273,0.32,0.8,0.0,0.0,27.78,25.64,2026-02-25
sz.002268,0.32,0.8,0.0,0.0,20.01,18.67,2026-02-24
sz.002229,0.32,0.8,0.0,0.0,16.43,15.23,2026-02-25
sh.600072,0.32,0.8,0.0,0.0,13.16,12.3,2026-02-25
sz.300953,0.32,0.8,0.0,0.0,171.9,154.92,2026-02-25
sz.300861,0.32,0.8,0.0,0.0,18.87,17.29,2026-02-25
sh.600966,0.32,0.8,0.0,0.0,8.39,7.64,2026-02-25
sz.000968,0.32,0.8,0.0,0.0,8.55,7.82,2026-02-25
sz.001330,0.32,0.8,0.0,0.0,10.34,8.34,2026-02-25
sz.001267,0.32,0.8,0.0,0.0,29.55,25.87,2026-02-25
sh.600101,0.32,0.8,0.0,0.0,10.45,10.03,2026-02-25
sz.002283,0.32,0.8,0.0,0.0,10.05,9.16,2026-02-25
sz.002334,0.32,0.8,0.0,0.0,9.97,9.43,2026-02-25
sz.002812,0.32,0.8,0.0,0.0,65.66,59.21,2026-02-25
sz.399621,0.32,0.8,0.0,0.0,13919.8661,12898.59,2026-02-25
sh.601360,0.32,0.8,0.0,0.0,12.59,11.43,2026-02-25
sh.600938,0.32,0.8,0.0,0.0,36.39,33.8,2026-02-25
sh.600960,0.32,0.8,0.0,0.0,5.99,5.55,2026-02-25
sh.601126,0.32,0.8,0.0,0.0,42.22,37.49,2026-02-25
sz.300895,0.32,0.8,0.0,0.0,55.2,47.34,2026-02-25
sz.300857,0.32,0.8,0.0,0.0,241.31,213.38,2026-02-25
sz.300166,0.32,0.8,0.0,0.0,13.13,11.39,2026-02-25
sz.300145,0.32,0.8,0.0,0.0,4.8,4.51,2026-02-25
sz.000977,0.32,0.8,0.0,0.0,62.57,58.11,2026-02-25
sz.300768,0.32,0.8,0.0,0.0,18.87,17.68,2026-02-24
sh.601789,0.32,0.8,0.0,0.0,5.27,5.01,2026-02-25
sh.601869,0.32,0.8,0.0,0.0,228.55,199.56,2026-02-25
sh.601918,0.32,0.8,0.0,0.0,7.51,7.06,2026-02-25
sh.601808,0.32,0.8,0.0,0.0,17.05,15.79,2026-02-25
sz.000922,0.32,0.8,0.0,0.0,15.25,14.11,2026-02-25
sz.000902,0.32,0.8,0.0,0.0,17.96,16.83,2026-02-25
sz.000917,0.32,0.8,0.0,0.0,12.11,10.82,2026-02-25
sz.000859,0.32,0.8,0.0,0.0,12.15,10.71,2026-02-25
sz.300182,0.32,0.8,0.0,0.0,7.24,6.23,2026-02-25
sh.600075,0.32,0.8,0.0,0.0,6.48,5.85,2026-02-25
sh.603118,0.32,0.8,0.0,0.0,12.11,11.42,2026-02-25
sh.603019,0.32,0.8,0.0,0.0,90.62,84.97,2026-02-25
sh.603005,0.32,0.8,0.0,0.0,33.72,30.92,2026-02-25
sz.300188,0.32,0.8,0.0,0.0,14.1,12.48,2026-02-25
sz.000886,0.32,0.8,0.0,0.0,6.57,6.18,2026-02-25
sz.000818,0.32,0.8,0.0,0.0,22.65,20.67,2026-02-25
sz.300249,0.32,0.8,0.0,0.0,17.1,15.43,2026-02-25
sz.300232,0.32,0.8,0.0,0.0,8.26,7.7,2026-02-25
sz.300219,0.32,0.8,0.0,0.0,7.94,7.55,2026-02-25
sz.000801,0.32,0.8,0.0,0.0,17.13,16.08,2026-02-25
sz.300217,0.32,0.8,0.0,0.0,6.02,5.56,2026-02-25
sz.300718,0.32,0.8,0.0,0.0,81.28,75.73,2026-02-25
sz.002440,0.32,0.8,0.0,0.0,14.96,13.33,2026-02-25
sz.002396,0.32,0.8,0.0,0.0,29.25,27.01,2026-02-25
sz.002418,0.32,0.8,0.0,0.0,4.93,4.6,2026-02-25
sz.002439,0.32,0.8,0.0,0.0,14.32,13.5,2026-02-24
sz.300657,0.32,0.8,0.0,0.0,31.53,28.76,2026-02-25
sz.300620,0.32,0.8,0.0,0.0,169.18,142.41,2026-02-25
sz.300607,0.32,0.8,0.0,0.0,30.89,28.71,2026-02-25
sh.603191,0.32,0.8,0.0,0.0,24.36,21.84,2026-02-25
sz.000628,0.32,0.8,0.0,0.0,51.7,47.13,2026-02-25
sz.000738,0.32,0.8,0.0,0.0,28.3,25.23,2026-02-25
sh.603186,0.32,0.8,0.0,0.0,78.45,68.44,2026-02-25
sh.603163,0.32,0.8,0.0,0.0,130.06,113.17,2026-02-25
sh.603150,0.32,0.8,0.0,0.0,60.31,54.11,2026-02-24
sz.002706,0.32,0.8,0.0,0.0,11.66,10.7,2026-02-25
sz.002491,0.32,0.8,0.0,0.0,9.53,8.02,2026-02-25
sz.002467,0.32,0.8,0.0,0.0,7.34,6.56,2026-02-25
sz.300579,0.32,0.8,0.0,0.0,31.95,29.59,2026-02-24
sz.300587,0.32,0.8,0.0,0.0,6.55,6.01,2026-02-25
sz.300570,0.32,0.8,0.0,0.0,139.31,117.15,2026-02-25
sh.603421,0.32,0.8,0.0,0.0,8.1,7.41,2026-02-25
sz.300303,0.32,0.8,0.0,0.0,7.75,7.25,2026-02-25
sz.300271,0.32,0.8,0.0,0.0,7.96,7.43,2026-02-24
sz.300265,0.32,0.8,0.0,0.0,16.84,14.28,2026-02-25
sz.300258,0.32,0.8,0.0,0.0,16.12,14.81,2026-02-25
sz.300251,0.32,0.8,0.0,0.0,20.62,16.58,2026-02-25
sh.603319,0.32,0.8,0.0,0.0,38.25,34.91,2026-02-25
sh.603315,0.32,0.8,0.0,0.0,16.32,14.84,2026-02-25
sh.603308,0.32,0.8,0.0,0.0,66.42,59.7,2026-02-25
sh.603629,0.32,0.8,0.0,0.0,53.7,46.5,2026-02-25
sh.603533,0.32,0.8,0.0,0.0,30.47,26.41,2026-02-25
sz.000338,0.32,0.8,0.0,0.0,28.52,25.87,2026-02-25
sz.300292,0.32,0.8,0.0,0.0,4.86,4.59,2026-02-25
sz.300277,0.32,0.8,0.0,0.0,21.39,18.23,2026-02-25
sz.000559,0.32,0.8,0.0,0.0,19.28,16.84,2026-02-25
sh.000112,0.32,0.8,0.0,0.0,7445.1657,7005.38,2026-02-25
sz.002448,0.32,0.8,0.0,0.0,16.12,14.78,2026-02-25
sz.002642,0.32,0.8,0.0,0.0,8.5,8.07,2026-02-24
sz.002655,0.32,0.8,0.0,0.0,15.58,14.49,2026-02-25
sz.002623,0.32,0.8,0.0,0.0,28.1,23.73,2026-02-25
sz.300486,0.32,0.8,0.0,0.0,24.04,21.48,2026-02-25
sz.300473,0.32,0.8,0.0,0.0,35.54,32.94,2026-02-25
sz.300483,0.32,0.8,0.0,0.0,17.82,15.82,2026-02-25
sz.000533,0.32,0.8,0.0,0.0,11.58,10.19,2026-02-25
sz.000534,0.32,0.8,0.0,0.0,35.42,30.66,2026-02-25
sh.603726,0.32,0.8,0.0,0.0,27.92,25.93,2026-02-25
sh.605056,0.32,0.8,0.0,0.0,23.36,20.95,2026-02-25
sh.603985,0.32,0.8,0.0,0.0,16.92,15.54,2026-02-25
sh.603960,0.32,0.8,0.0,0.0,25.63,23.4,2026-02-25
sh.603912,0.32,0.8,0.0,0.0,9.25,8.62,2026-02-24
sh.603950,0.32,0.8,0.0,0.0,36.78,32.68,2026-02-25
sz.300440,0.32,0.8,0.0,0.0,16.38,15.17,2026-02-25
sz.000070,0.32,0.8,0.0,0.0,18.14,15.82,2026-02-25
sz.000021,0.32,0.8,0.0,0.0,33.28,29.84,2026-02-25
sz.300353,0.32,0.8,0.0,0.0,24.37,22.63,2026-02-25
sz.300523,0.32,0.8,0.0,0.0,24.77,22.81,2026-02-25
sz.002510,0.32,0.8,0.0,0.0,8.29,7.6,2026-02-25
sz.002373,0.3,0.0,0.5,0.5,11.75,10.87,2026-02-25
sh.603283,0.3,0.0,0.0,1.0,50.53,46.11,2026-02-25
sz.002554,0.3,0.0,0.0,1.0,4.21,3.77,2026-02-25
sh.603313,0.3,0.0,0.0,1.0,9.7,9.01,2026-02-24
sh.603108,0.3,0.0,0.0,1.0,16.44,14.79,2026-02-25
sz.300677,0.3,0.0,0.0,1.0,41.55,38.24,2026-02-24
sz.300278,0.3,0.0,0.0,1.0,5.73,5.37,2026-02-24
sz.300078,0.3,0.0,0.0,1.0,4.98,4.55,2026-02-25
sz.300634,0.3,0.0,0.5,0.5,28.77,25.71,2026-02-25
sh.603216,0.3,0.0,0.5,0.5,39.2,33.13,2026-02-25
sh.603211,0.3,0.0,0.0,1.0,22.8,20.63,2026-02-24
sz.300261,0.3,0.0,0.0,1.0,7.44,6.88,2026-02-25
sz.002060,0.3,0.0,0.5,0.5,3.82,3.67,2026-02-24
sz.000420,0.3,0.0,0.0,1.0,4.72,4.36,2026-02-25
sh.603196,0.3,0.0,0.0,1.0,26.39,24.25,2026-02-24
sh.603119,0.3,0.0,0.5,0.5,95.49,84.27,2026-02-25
sh.600017,0.3,0.0,0.5,0.5,3.16,3.04,2026-02-25
sz.300253,0.3,0.0,0.5,0.5,10.67,9.32,2026-02-25
sh.601698,0.3,0.0,0.0,1.0,36.93,32.83,2026-02-25
sz.300763,0.3,0.0,0.0,1.0,79.25,72.35,2026-02-25
sz.300758,0.3,0.0,0.0,1.0,17.48,14.97,2026-02-25
sz.002677,0.3,0.0,0.0,1.0,9.43,8.66,2026-02-25
sz.300446,0.3,0.0,0.0,1.0,24.29,22.38,2026-02-25
sh.603009,0.3,0.0,0.5,0.5,51.8,46.04,2026-02-25
sz.300783,0.3,0.0,0.5,0.5,21.95,20.67,2026-02-25
sz.300773,0.3,0.0,0.0,1.0,27.95,25.28,2026-02-25
sz.002540,0.3,0.0,0.0,1.0,7.56,7.06,2026-02-25
sh.601949,0.3,0.0,0.0,1.0,7.37,6.78,2026-02-25
sh.601908,0.3,0.0,0.0,1.0,4.07,3.72,2026-02-25
sz.000629,0.3,0.0,0.0,1.0,4.13,3.76,2026-02-25
sh.603988,0.3,0.0,0.0,1.0,28.89,25.57,2026-02-24
sh.601168,0.3,0.0,0.0,1.0,34.15,30.48,2026-02-25
sh.601099,0.3,0.0,0.0,1.0,4.19,4.03,2026-02-25
sz.300136,0.3,0.0,0.0,1.0,74.63,62.95,2026-02-25
sz.300130,0.3,0.0,0.0,1.0,27.5,25.81,2026-02-25
sz.300859,0.3,0.0,0.5,0.5,37.0,34.74,2026-02-25
sh.601611,0.3,0.0,0.0,1.0,16.01,14.64,2026-02-25
sh.603823,0.3,0.0,0.0,1.0,17.54,16.07,2026-02-25
sz.300102,0.3,0.0,0.0,1.0,38.59,32.29,2026-02-25
sz.002707,0.3,0.0,0.5,0.5,7.58,7.0,2026-02-25
sz.002735,0.3,0.0,0.0,1.0,18.36,16.71,2026-02-25
sh.601609,0.3,0.0,0.0,1.0,11.77,10.87,2026-02-25
sz.002721,0.3,0.0,0.0,1.0,3.35,3.04,2026-02-24
sh.601600,0.3,0.0,0.0,1.0,13.53,12.19,2026-02-25
sz.002716,0.3,0.0,0.0,1.0,15.87,13.35,2026-02-25
sh.600982,0.3,0.0,0.5,0.5,4.74,4.57,2026-02-24
sz.002489,0.3,0.0,0.5,0.5,3.73,3.55,2026-02-24
sz.002483,0.3,0.0,0.0,1.0,7.63,7.26,2026-02-24
sz.002044,0.3,0.0,0.5,0.5,6.92,6.12,2026-02-25
sh.603686,0.3,0.0,0.5,0.5,23.72,21.6,2026-02-25
sz.300399,0.3,0.0,0.0,1.0,27.94,25.79,2026-02-25
sh.601212,0.3,0.0,0.0,1.0,10.72,9.08,2026-02-25
sz.300409,0.3,0.0,0.0,1.0,29.74,27.08,2026-02-25
sh.601162,0.3,0.0,0.5,0.5,4.11,3.93,2026-02-25
sz.002792,0.3,0.0,0.0,1.0,47.1,40.34,2026-02-25
sz.300401,0.3,0.0,0.5,0.5,17.08,15.37,2026-02-25
sz.301137,0.3,0.0,0.0,1.0,53.33,47.94,2026-02-25
sz.301078,0.3,0.0,0.5,0.5,10.83,10.12,2026-02-25
sz.000925,0.3,0.0,0.0,1.0,8.54,8.0,2026-02-25
sz.301005,0.3,0.0,0.0,1.0,166.68,138.05,2026-02-25
sh.600961,0.3,0.0,0.0,1.0,22.12,19.47,2026-02-25
sz.000901,0.3,0.0,0.0,1.0,27.08,24.2,2026-02-25
sz.000905,0.3,0.0,0.0,1.0,12.42,11.42,2026-02-25
sz.002385,0.3,0.0,0.0,1.0,4.05,3.87,2026-02-25
sh.600967,0.3,0.0,0.0,1.0,17.47,16.43,2026-02-24
sh.605598,0.3,0.0,0.5,0.5,55.22,47.27,2026-02-25
sh.600879,0.3,0.0,0.0,1.0,25.57,22.44,2026-02-25
sz.301230,0.3,0.0,0.5,0.5,44.58,38.65,2026-02-25
sz.301155,0.3,0.0,0.0,1.0,76.8,69.78,2026-02-24
sz.002803,0.3,0.0,0.5,0.5,18.19,16.64,2026-02-25
sz.002277,0.3,0.0,0.0,1.0,7.23,6.64,2026-02-24
sz.301080,0.3,0.0,0.5,0.5,49.33,44.6,2026-02-25
sz.002324,0.3,0.0,0.0,1.0,18.37,16.99,2026-02-25
sh.600868,0.3,0.0,0.0,1.0,4.14,3.65,2026-02-25
sh.600855,0.3,0.0,0.0,1.0,20.03,18.26,2026-02-25
sh.600828,0.3,0.0,0.0,1.0,6.49,5.43,2026-02-25
sz.002321,0.3,0.0,0.0,1.0,2.38,2.23,2026-02-25
sh.605305,0.3,0.0,0.5,0.5,40.18,37.52,2026-02-24
sz.000969,0.3,0.0,0.0,1.0,24.86,22.99,2026-02-25
sz.301286,0.3,0.0,0.0,1.0,58.83,52.05,2026-02-25
sz.000960,0.3,0.0,0.0,1.0,40.21,35.34,2026-02-25
sz.301306,0.3,0.0,0.0,1.0,104.04,87.21,2026-02-25
sz.301301,0.3,0.0,0.0,1.0,11.18,10.56,2026-02-25
sz.002163,0.3,0.0,0.5,0.5,15.7,13.63,2026-02-25
sz.301293,0.3,0.0,0.5,0.5,77.26,69.38,2026-02-25
sz.001696,0.3,0.0,0.0,1.0,20.96,19.78,2026-02-24
sz.002941,0.3,0.0,0.0,1.0,16.36,15.55,2026-02-25
sh.600745,0.3,0.0,0.5,0.5,33.68,30.74,2026-02-24
sz.000547,0.3,0.0,0.0,1.0,30.34,26.01,2026-02-25
sh.600808,0.3,0.0,0.0,1.0,4.07,3.78,2026-02-25
sh.600584,0.3,0.0,0.0,1.0,46.92,43.06,2026-02-25
sz.301611,0.3,0.0,0.0,1.0,132.34,112.56,2026-02-25
sz.002251,0.3,0.0,0.5,0.5,4.98,4.73,2026-02-25
sz.301367,0.3,0.0,0.5,0.5,80.8,75.56,2026-02-24
sh.600649,0.3,0.0,0.0,1.0,5.63,5.11,2026-02-25
sh.600645,0.3,0.0,0.0,1.0,26.09,24.68,2026-02-24
sh.600577,0.3,0.0,0.0,1.0,14.93,13.71,2026-02-25
sh.600595,0.3,0.0,0.0,1.0,8.42,7.41,2026-02-25
sh.600416,0.3,0.0,0.0,1.0,14.84,13.75,2026-02-25
sz.000016,0.3,0.0,0.5,0.5,3.92,3.49,2026-02-25
sz.300199,0.3,0.0,0.0,1.0,18.7,17.56,2026-02-25
sz.000063,0.3,0.0,0.0,1.0,37.77,35.71,2026-02-24
sh.600399,0.3,0.0,0.0,1.0,6.84,6.13,2026-02-25
sh.600497,0.3,0.0,0.0,1.0,10.0,8.96,2026-02-25
sz.002156,0.3,0.0,0.0,1.0,50.52,45.68,2026-02-25
sz.000060,0.3,0.0,0.0,1.0,7.85,7.02,2026-02-25
sz.000799,0.3,0.0,0.5,0.5,52.11,48.05,2026-02-25
sh.600300,0.3,0.0,0.0,1.0,3.73,3.53,2026-02-25
sz.000830,0.3,0.0,0.0,1.0,18.36,16.5,2026-02-25
sz.000825,0.3,0.0,0.0,1.0,5.14,4.73,2026-02-25
sh.600231,0.3,0.0,0.0,1.0,2.47,2.27,2026-02-25
sz.002194,0.3,0.0,0.0,1.0,12.76,11.88,2026-02-25
sh.600362,0.3,0.0,0.0,1.0,57.64,50.94,2026-02-25
sz.000923,0.3,0.0,0.0,1.0,24.4,21.82,2026-02-25
sh.605358,0.3,0.0,0.0,1.0,41.72,38.01,2026-02-25
sz.002139,0.3,0.0,0.0,1.0,13.2,12.63,2026-02-24
sh.600189,0.3,0.0,0.0,1.0,8.82,8.28,2026-02-25
sz.000718,0.3,0.0,0.0,1.0,2.41,2.28,2026-02-25
sz.399393,0.3,0.0,0.0,1.0,3341.8798,3202.68,2026-02-25
sz.000709,0.3,0.0,0.0,1.0,2.59,2.41,2026-02-25
sh.600307,0.3,0.0,0.0,1.0,1.94,1.76,2026-02-25
sz.300034,0.3,0.0,0.0,1.0,21.99,19.79,2026-02-25
sz.000036,0.3,0.0,0.0,1.0,6.07,5.32,2026-02-25
sh.600118,0.3,0.0,0.0,1.0,88.7,78.58,2026-02-25
sz.300012,0.3,0.0,0.0,1.0,16.21,15.24,2026-02-24
sz.300378,0.3,0.0,0.5,0.5,46.96,41.72,2026-02-25
sz.300003,0.3,0.0,0.0,1.0,18.33,17.24,2026-02-25
sh.600179,0.3,0.0,0.0,1.0,5.07,4.7,2026-02-25
sh.600170,0.3,0.0,0.0,1.0,2.98,2.79,2026-02-25
sz.002181,0.3,0.0,0.5,0.5,11.05,9.33,2026-02-25
sh.600133,0.3,0.0,0.0,1.0,10.3,9.37,2026-02-25
sz.002110,0.3,0.0,0.0,1.0,4.5,4.14,2026-02-25
sh.600266,0.3,0.0,0.0,1.0,5.68,5.09,2026-02-25
sz.002075,0.3,0.0,0.0,1.0,5.73,5.36,2026-02-25
sz.399637,0.3,0.0,0.0,1.0,1920.0148,1821.76,2026-02-25
sz.300048,0.3,0.0,0.0,1.0,7.4,6.89,2026-02-25
sz.300331,0.3,0.0,0.0,1.0,46.33,40.59,2026-02-25
sz.300046,0.3,0.0,0.0,1.0,36.43,34.19,2026-02-25
sh.600076,0.3,0.0,0.0,1.0,4.04,3.52,2026-02-25
sh.600058,0.3,0.0,0.0,1.0,13.66,12.25,2026-02-25
sz.300226,0.3,0.0,0.0,1.0,29.65,26.79,2026-02-25
sz.000816,0.3,0.0,0.0,1.0,4.04,3.67,2026-02-25
sh.600019,0.3,0.0,0.0,1.0,7.02,6.67,2026-02-25
sz.300033,0.3,0.0,0.5,0.5,335.91,310.89,2026-02-25
sh.000007,0.3,0.0,0.5,0.5,4833.9199,4726.43,2026-02-24
sz.002607,0.3,0.0,0.0,1.0,2.85,2.63,2026-02-25
sz.002565,0.3,0.0,0.0,1.0,15.97,13.36,2026-02-25
sz.002572,0.3,0.0,0.0,1.0,14.6,13.83,2026-02-25
sz.300525,0.3,0.0,0.5,0.5,12.97,12.1,2026-02-25
sh.603901,0.3,0.0,0.0,1.0,14.72,13.87,2026-02-24
sh.603888,0.3,0.0,0.5,0.5,23.0,20.12,2026-02-25
sh.600363,0.3,0.0,0.0,1.0,65.53,59.98,2026-02-25
sh.603236,0.3,0.0,0.5,0.5,84.91,79.61,2026-02-25
sz.300569,0.3,0.0,0.0,1.0,6.29,5.96,2026-02-24
sz.000797,0.27,0.3,0.0,0.5,3.22,2.98,2026-02-25
sz.000735,0.27,0.3,0.0,0.5,7.8,7.26,2026-02-25
sz.300274,0.27,0.3,0.0,0.5,154.1,140.22,2026-02-25
sz.300756,0.27,0.3,0.5,0.0,48.35,44.87,2026-02-24
sz.002228,0.27,0.3,0.0,0.5,4.57,4.28,2026-02-25
sz.002389,0.27,0.3,0.0,0.5,24.27,22.76,2026-02-25
sz.300260,0.27,0.3,0.0,0.5,56.62,51.93,2026-02-25
sz.300006,0.27,0.3,0.0,0.5,5.25,4.87,2026-02-25
sz.002052,0.27,0.3,0.0,0.5,12.57,11.65,2026-02-25
sz.300368,0.27,0.3,0.0,0.5,13.17,12.16,2026-02-25
sz.000572,0.27,0.3,0.0,0.5,7.06,6.54,2026-02-25
sz.300204,0.27,0.3,0.0,0.5,27.05,24.42,2026-02-25
sh.603978,0.27,0.3,0.0,0.5,26.44,23.79,2026-02-25
sz.002640,0.27,0.3,0.0,0.5,3.99,3.75,2026-02-25
sh.603906,0.27,0.3,0.0,0.5,18.8,17.66,2026-02-25
sz.002915,0.27,0.3,0.0,0.5,23.8,22.29,2026-02-25
sz.000566,0.27,0.3,0.0,0.5,6.45,5.98,2026-02-25
sh.600601,0.27,0.3,0.0,0.5,11.66,10.83,2026-02-25
sz.300547,0.27,0.3,0.0,0.5,35.65,32.74,2026-02-25
sh.600734,0.27,0.3,0.0,0.5,4.6,4.18,2026-02-25
sh.600730,0.27,0.3,0.0,0.5,10.43,9.48,2026-02-25
sz.300779,0.27,0.3,0.0,0.5,101.76,89.18,2026-02-25
sh.603878,0.27,0.3,0.0,0.5,9.21,8.31,2026-02-25
sh.603300,0.27,0.3,0.0,0.5,7.33,6.92,2026-02-25
sh.600592,0.27,0.3,0.0,0.5,24.19,22.7,2026-02-25
sh.603228,0.27,0.3,0.0,0.5,66.71,61.3,2026-02-25
sz.002307,0.27,0.3,0.0,0.5,5.12,4.77,2026-02-25
sh.603063,0.27,0.3,0.0,0.5,30.25,28.25,2026-02-25
sz.300693,0.27,0.3,0.0,0.5,39.49,36.91,2026-02-25
sz.300679,0.27,0.3,0.0,0.5,43.19,40.57,2026-02-25
sh.600103,0.27,0.3,0.0,0.5,3.87,3.63,2026-02-25
sh.603069,0.27,0.3,0.5,0.0,21.74,19.86,2026-02-24
sh.601777,0.27,0.3,0.0,0.5,11.67,10.79,2026-02-24
sh.603890,0.27,0.3,0.0,0.5,15.21,14.34,2026-02-25
sz.002339,0.2,0.5,0.0,0.0,12.14,10.74,2026-02-25
sz.002810,0.2,0.5,0.0,0.0,19.68,17.72,2026-02-25
sz.300383,0.2,0.5,0.0,0.0,15.51,13.31,2026-02-25
sz.002765,0.2,0.5,0.0,0.0,11.85,11.27,2026-02-25
sz.300444,0.2,0.5,0.0,0.0,15.61,13.45,2026-02-25
sz.002395,0.2,0.5,0.0,0.0,20.21,18.94,2026-02-25
sz.002222,0.2,0.5,0.0,0.0,70.76,62.78,2026-02-25
sz.002892,0.2,0.5,0.0,0.0,12.75,12.19,2026-02-24
sz.300144,0.2,0.5,0.0,0.0,8.37,7.82,2026-02-25
sz.300149,0.2,0.5,0.0,0.0,10.81,10.05,2026-02-25
sz.300113,0.2,0.5,0.0,0.0,25.94,22.63,2026-02-25
sh.605488,0.2,0.5,0.0,0.0,41.49,36.86,2026-02-25
sz.300413,0.2,0.5,0.0,0.0,24.99,22.67,2026-02-24
sz.002379,0.2,0.5,0.0,0.0,29.6,26.31,2026-02-24
sz.002196,0.2,0.5,0.0,0.0,17.18,14.98,2026-02-25
sh.605287,0.2,0.5,0.0,0.0,51.9,42.94,2026-02-25
sz.002943,0.2,0.5,0.0,0.0,69.08,57.79,2026-02-25
sz.002929,0.2,0.5,0.0,0.0,46.17,42.06,2026-02-25
sh.603728,0.2,0.5,0.0,0.0,71.97,66.58,2026-02-24
sz.000156,0.2,0.5,0.0,0.0,8.62,7.79,2026-02-24
sh.603881,0.2,0.5,0.0,0.0,38.41,33.29,2026-02-25
sz.002161,0.2,0.5,0.0,0.0,8.93,8.33,2026-02-25
sz.300184,0.2,0.5,0.0,0.0,11.0,10.39,2026-02-25
sz.000880,0.2,0.5,0.0,0.0,34.56,30.4,2026-02-25
sz.003021,0.2,0.5,0.0,0.0,121.78,110.7,2026-02-24
sz.002969,0.2,0.5,0.0,0.0,26.4,22.01,2026-02-25
sz.000659,0.2,0.5,0.0,0.0,4.58,4.1,2026-02-25
sz.002135,0.2,0.5,0.0,0.0,6.33,5.77,2026-02-25
sz.300016,0.2,0.5,0.0,0.0,10.16,9.28,2026-02-25
sz.003041,0.2,0.5,0.0,0.0,58.35,48.88,2026-02-25
sz.002985,0.2,0.5,0.0,0.0,42.74,38.06,2026-02-25
sz.300467,0.2,0.5,0.0,0.0,34.04,31.0,2026-02-25
sz.300227,0.2,0.5,0.0,0.0,12.7,11.58,2026-02-25
sz.300042,0.2,0.5,0.0,0.0,35.1,31.18,2026-02-25
sz.300494,0.2,0.5,0.0,0.0,13.42,12.24,2026-02-25
sz.000815,0.2,0.5,0.0,0.0,14.01,12.38,2026-02-25
sh.603687,0.2,0.5,0.0,0.0,11.31,10.29,2026-02-24
sh.603667,0.2,0.5,0.0,0.0,80.18,67.86,2026-02-25
sz.300548,0.2,0.5,0.0,0.0,158.19,132.34,2026-02-25
sz.300757,0.2,0.5,0.0,0.0,394.89,330.04,2026-02-25
sz.002559,0.2,0.5,0.0,0.0,10.59,10.09,2026-02-25
sz.300738,0.2,0.5,0.0,0.0,23.34,20.34,2026-02-25
sh.603011,0.2,0.5,0.0,0.0,25.34,22.61,2026-02-25
sz.300442,0.2,0.5,0.0,0.0,86.8,77.88,2026-02-25
sz.301468,0.2,0.5,0.0,0.0,74.35,62.9,2026-02-25
sz.300671,0.2,0.5,0.0,0.0,47.7,40.87,2026-02-25
sz.300842,0.2,0.5,0.0,0.0,116.2,98.27,2026-02-25
sz.399654,0.2,0.5,0.0,0.0,3395.0339,3186.46,2026-02-25
sz.300776,0.2,0.5,0.0,0.0,85.68,74.46,2026-02-25
sz.300792,0.2,0.5,0.0,0.0,42.15,35.09,2026-02-25
sh.000096,0.2,0.5,0.0,0.0,4205.2749,4097.16,2026-02-24
sz.300286,0.2,0.5,0.0,0.0,28.76,26.45,2026-02-25
sz.300678,0.2,0.5,0.0,0.0,33.16,30.87,2026-02-25
sh.600586,0.2,0.5,0.0,0.0,6.73,5.86,2026-02-25
sz.002079,0.2,0.5,0.0,0.0,11.31,10.54,2026-02-25
sz.300766,0.2,0.5,0.0,0.0,41.07,33.98,2026-02-25
sz.300775,0.2,0.5,0.0,0.0,43.0,37.9,2026-02-25
sz.301396,0.2,0.5,0.0,0.0,89.8,74.25,2026-02-25
sz.300436,0.2,0.5,0.0,0.0,116.41,98.09,2026-02-25
sz.002050,0.2,0.5,0.0,0.0,52.15,47.86,2026-02-25
sz.301607,0.2,0.5,0.0,0.0,48.94,44.63,2026-02-25
sh.603507,0.2,0.5,0.0,0.0,31.06,28.25,2026-02-25
sh.600602,0.2,0.5,0.0,0.0,20.27,18.07,2026-02-25
sh.603861,0.2,0.5,0.0,0.0,18.13,16.07,2026-02-25
sz.300418,0.2,0.5,0.0,0.0,58.6,48.94,2026-02-25
sz.399248,0.2,0.5,0.0,0.0,1038.7465,928.7,2026-02-25
sz.399239,0.2,0.5,0.0,0.0,2253.0856,2133.91,2026-02-25
sh.600452,0.2,0.5,0.0,0.0,12.05,10.93,2026-02-25
sz.300870,0.2,0.5,0.0,0.0,238.5,206.62,2026-02-25
sz.002546,0.2,0.5,0.0,0.0,9.53,8.71,2026-02-25
sz.300806,0.2,0.5,0.0,0.0,51.45,43.81,2026-02-25
sh.600498,0.2,0.5,0.0,0.0,42.6,36.52,2026-02-25
sh.600481,0.2,0.5,0.0,0.0,8.97,7.41,2026-02-25
sh.601599,0.2,0.5,0.0,0.0,4.48,3.91,2026-02-25
sh.603220,0.2,0.5,0.0,0.0,24.94,22.99,2026-02-25
sh.600226,0.2,0.5,0.0,0.0,5.91,5.38,2026-02-25
sz.399361,0.2,0.5,0.0,0.0,4286.9133,4020.61,2026-02-25
sz.002523,0.2,0.5,0.0,0.0,4.6,4.33,2026-02-25
sz.002517,0.2,0.5,0.0,0.0,23.05,20.54,2026-02-25
sh.600262,0.2,0.5,0.0,0.0,32.0,29.17,2026-02-25
sz.300696,0.2,0.5,0.0,0.0,32.88,29.56,2026-02-25
sz.399397,0.2,0.5,0.0,0.0,2588.7467,2453.99,2026-02-25
sz.300133,0.2,0.5,0.0,0.0,8.75,7.55,2026-02-25
sz.399384,0.2,0.5,0.0,0.0,4244.5822,4143.6,2026-02-25
sh.600312,0.2,0.5,0.0,0.0,22.87,21.24,2026-02-25
sh.603986,0.2,0.5,0.0,0.0,311.32,277.47,2026-02-25
sh.603499,0.2,0.5,0.0,0.0,23.49,21.59,2026-02-25
sh.600088,0.2,0.5,0.0,0.0,16.86,15.33,2026-02-24
sh.600054,0.2,0.5,0.0,0.0,12.5,11.6,2026-02-25
sz.399434,0.2,0.5,0.0,0.0,2668.4387,2466.74,2026-02-25
sz.399557,0.2,0.5,0.0,0.0,2176.7878,2060.12,2026-02-25
sh.601226,0.2,0.5,0.0,0.0,11.49,10.09,2026-02-25
sh.600185,0.2,0.5,0.0,0.0,7.16,6.55,2026-02-25
sh.600797,0.2,0.5,0.0,0.0,10.51,9.69,2026-02-25
sh.603103,0.2,0.5,0.0,0.0,28.27,22.96,2026-02-25
sh.603095,0.2,0.5,0.0,0.0,20.05,18.14,2026-02-25
sz.300709,0.2,0.5,0.0,0.0,42.6,39.21,2026-02-25
sz.399616,0.2,0.5,0.0,0.0,6994.9469,6779.96,2026-02-25
sz.002429,0.2,0.5,0.0,0.0,10.45,9.07,2026-02-25
sh.603031,0.2,0.5,0.0,0.0,55.91,49.11,2026-02-25
sz.002683,0.2,0.5,0.0,0.0,48.83,44.08,2026-02-24
sh.603599,0.2,0.5,0.0,0.0,14.82,13.35,2026-02-25
sh.600120,0.2,0.5,0.0,0.0,6.48,6.05,2026-02-24
sz.399804,0.2,0.5,0.0,0.0,2159.8471,2059.86,2026-02-25
sz.399683,0.2,0.5,0.0,0.0,2014.2761,1959.53,2026-02-25
sz.399675,0.2,0.5,0.0,0.0,3778.5346,3568.87,2026-02-25
sz.399677,0.2,0.5,0.0,0.0,6244.5809,5929.4,2026-02-25
sh.603353,0.2,0.5,0.0,0.0,38.13,33.42,2026-02-25
sh.000036,0.2,0.5,0.0,0.0,10800.5012,10473.33,2026-02-24
sz.301162,0.2,0.5,0.0,0.0,67.86,59.44,2026-02-25
sz.002605,0.2,0.5,0.0,0.0,25.38,23.5,2026-02-25
sz.000681,0.2,0.5,0.0,0.0,26.18,22.58,2026-02-25
sz.301183,0.2,0.5,0.0,0.0,157.58,134.71,2026-02-25
sz.399994,0.2,0.5,0.0,0.0,1982.0579,1880.13,2026-02-25
sz.399646,0.2,0.5,0.0,0.0,8062.1397,7861.72,2026-02-25
sh.603920,0.15,0.0,0.0,0.5,63.08,56.21,2026-02-25
sz.300443,0.15,0.0,0.0,0.5,27.49,25.74,2026-02-25
sz.300450,0.15,0.0,0.0,0.5,55.45,50.03,2026-02-25
sz.300435,0.15,0.0,0.0,0.5,30.9,27.91,2026-02-25
sz.300430,0.15,0.0,0.0,0.5,22.12,20.55,2026-02-25
sz.300416,0.15,0.0,0.0,0.5,18.36,16.7,2026-02-25
sz.300427,0.15,0.0,0.0,0.5,14.62,12.43,2026-02-25
sh.603773,0.15,0.0,0.0,0.5,38.51,33.68,2026-02-25
sh.603778,0.15,0.0,0.0,0.5,15.04,11.77,2026-02-25
sh.603698,0.15,0.0,0.0,0.5,33.78,28.26,2026-02-25
sz.300458,0.15,0.0,0.0,0.5,42.72,39.97,2026-02-25
sz.300454,0.15,0.0,0.0,0.5,127.17,107.09,2026-02-25
sz.300455,0.15,0.0,0.0,0.5,27.09,23.92,2026-02-25
sz.300457,0.15,0.0,0.0,0.5,28.14,25.96,2026-02-25
sz.300451,0.15,0.0,0.0,0.5,5.43,5.0,2026-02-25
sh.603977,0.15,0.0,0.0,0.5,15.01,13.96,2026-02-25
sh.603918,0.15,0.0,0.0,0.5,15.98,14.6,2026-02-25
sz.000737,0.15,0.0,0.0,0.5,17.57,15.47,2026-02-25
sh.000039,0.15,0.0,0.0,0.5,5917.1941,5589.38,2026-02-24
sh.000067,0.15,0.0,0.0,0.5,9599.6887,9254.01,2026-02-24
sz.399676,0.15,0.0,0.0,0.5,4023.092,3901.14,2026-02-25
sh.603660,0.15,0.0,0.0,0.5,10.23,9.33,2026-02-25
sh.603665,0.15,0.0,0.5,0.0,32.97,28.93,2026-02-24
sz.399652,0.15,0.0,0.0,0.5,4149.1358,3948.3,2026-02-25
sh.000113,0.15,0.0,0.0,0.5,3211.5027,3093.72,2026-02-25
sz.300516,0.15,0.0,0.0,0.5,70.72,61.59,2026-02-25
sz.300503,0.15,0.0,0.0,0.5,55.13,47.66,2026-02-25
sz.300502,0.15,0.0,0.0,0.5,382.0,330.17,2026-02-25
sz.300496,0.15,0.0,0.0,0.5,72.36,67.2,2026-02-25
sh.000079,0.15,0.0,0.0,0.5,2604.4152,2537.83,2026-02-24
sh.000106,0.15,0.0,0.0,0.5,6941.9977,6649.15,2026-02-25
sh.000858,0.15,0.0,0.0,0.5,12050.2992,11430.15,2026-02-25
sh.000819,0.15,0.0,0.0,0.5,11394.8434,10479.46,2026-02-25
sh.000103,0.15,0.0,0.5,0.0,7925.055,7700.38,2026-02-24
sh.000133,0.15,0.0,0.0,0.5,7723.8691,7384.45,2026-02-25
sh.000122,0.15,0.0,0.0,0.5,1789.0189,1723.26,2026-02-25
sh.000035,0.15,0.0,0.0,0.5,2923.8302,2850.62,2026-02-24
sz.300573,0.15,0.0,0.0,0.5,70.41,66.54,2026-02-25
sz.002469,0.15,0.0,0.0,0.5,9.15,8.69,2026-02-25
sz.002681,0.15,0.0,0.0,0.5,6.35,6.08,2026-02-24
sz.002639,0.15,0.0,0.0,0.5,20.99,18.51,2026-02-25
sz.002641,0.15,0.0,0.0,0.5,4.53,4.34,2026-02-25
sh.603341,0.15,0.0,0.0,0.5,45.6,42.36,2026-02-25
sh.603290,0.15,0.0,0.0,0.5,108.61,100.92,2026-02-25
sz.002617,0.15,0.0,0.0,0.5,9.16,8.47,2026-02-25
sz.002512,0.15,0.0,0.0,0.5,6.05,5.48,2026-02-25
sz.002501,0.15,0.0,0.0,0.5,2.17,1.92,2026-02-25
sz.002530,0.15,0.0,0.0,0.5,10.49,9.93,2026-02-25
sh.603703,0.15,0.0,0.0,0.5,14.93,13.58,2026-02-25
sh.603683,0.15,0.0,0.0,0.5,24.85,22.74,2026-02-25
sh.603678,0.15,0.0,0.0,0.5,40.55,37.11,2026-02-25
sh.603179,0.15,0.0,0.0,0.5,84.62,75.32,2026-02-25
sh.603132,0.15,0.0,0.0,0.5,18.04,15.9,2026-02-25
sz.002558,0.15,0.0,0.5,0.0,38.65,34.21,2026-02-25
sz.002414,0.15,0.0,0.0,0.5,16.88,15.52,2026-02-25
sz.002434,0.15,0.0,0.0,0.5,9.76,8.96,2026-02-25
sz.002745,0.15,0.0,0.0,0.5,9.08,8.41,2026-02-25
sz.300629,0.15,0.0,0.0,0.5,25.71,23.12,2026-02-25
sz.300641,0.15,0.0,0.0,0.5,20.37,18.84,2026-02-25
sz.002697,0.15,0.0,0.0,0.5,5.87,5.55,2026-02-25
sz.300619,0.15,0.0,0.0,0.5,49.05,43.36,2026-02-25
sz.002738,0.15,0.0,0.0,0.5,91.96,82.33,2026-02-25
sh.603286,0.15,0.0,0.0,0.5,69.05,61.29,2026-02-25
sz.002657,0.15,0.0,0.0,0.5,27.77,25.84,2026-02-25
sz.002465,0.15,0.0,0.0,0.5,17.47,15.6,2026-02-25
sz.002466,0.15,0.0,0.0,0.5,54.32,49.62,2026-02-25
sz.002356,0.15,0.0,0.0,0.5,3.91,3.63,2026-02-25
sz.300724,0.15,0.0,0.0,0.5,123.6,107.35,2026-02-25
sz.002317,0.15,0.0,0.0,0.5,19.15,17.81,2026-02-25
sz.002758,0.15,0.0,0.0,0.5,10.67,10.05,2026-02-25
sz.300699,0.15,0.0,0.0,0.5,39.96,36.54,2026-02-25
sz.002777,0.15,0.0,0.0,0.5,19.69,18.52,2026-02-25
sz.300680,0.15,0.0,0.0,0.5,49.54,44.81,2026-02-25
sz.300672,0.15,0.0,0.0,0.5,145.0,127.43,2026-02-25
sz.300682,0.15,0.0,0.0,0.5,18.0,16.22,2026-02-25
sz.002426,0.15,0.0,0.0,0.5,4.14,3.67,2026-02-25
sz.002409,0.15,0.0,0.0,0.5,94.75,86.7,2026-02-25
sz.002406,0.15,0.0,0.0,0.5,8.34,7.99,2026-02-24
sz.002383,0.15,0.0,0.0,0.5,11.34,10.49,2026-02-25
sz.002446,0.15,0.0,0.0,0.5,11.2,10.04,2026-02-25
sh.603078,0.15,0.0,0.0,0.5,25.52,23.43,2026-02-25
sz.002882,0.15,0.0,0.0,0.5,32.18,29.96,2026-02-25
sh.603171,0.15,0.0,0.5,0.0,60.11,52.7,2026-02-24
sz.002249,0.15,0.0,0.0,0.5,10.88,10.29,2026-02-25
sh.601700,0.15,0.0,0.0,0.5,6.03,5.42,2026-02-25
sz.002284,0.15,0.0,0.0,0.5,16.8,15.49,2026-02-25
sz.002291,0.15,0.0,0.0,0.5,7.84,6.84,2026-02-25
sz.002301,0.15,0.0,0.0,0.5,7.76,7.12,2026-02-25
sz.002263,0.15,0.0,0.0,0.5,3.56,3.37,2026-02-25
sz.002370,0.15,0.0,0.5,0.0,6.98,6.62,2026-02-24
sz.300747,0.15,0.0,0.0,0.5,31.28,28.76,2026-02-25
sh.000008,0.15,0.0,0.5,0.0,3460.4345,3378.95,2026-02-24
sz.300725,0.15,0.0,0.0,0.5,40.57,38.19,2026-02-25
sz.002183,0.15,0.0,0.0,0.5,5.25,4.83,2026-02-25
sz.002182,0.15,0.0,0.0,0.5,19.55,17.85,2026-02-25
sh.603039,0.15,0.0,0.5,0.0,47.59,41.2,2026-02-25
sh.603061,0.15,0.0,0.0,0.5,267.69,234.02,2026-02-25
sh.603938,0.15,0.0,0.0,0.5,26.88,24.15,2026-02-25
sh.601969,0.15,0.0,0.0,0.5,12.09,11.01,2026-02-25
sh.601218,0.15,0.0,0.0,0.5,5.6,5.31,2026-02-25
sz.002931,0.15,0.0,0.0,0.5,87.51,74.19,2026-02-25
sz.300827,0.15,0.0,0.0,0.5,36.39,33.27,2026-02-25
sz.002256,0.15,0.0,0.0,0.5,3.8,3.5,2026-02-25
sz.002246,0.15,0.0,0.0,0.5,20.99,19.02,2026-02-25
sz.002239,0.15,0.0,0.0,0.5,3.28,3.13,2026-02-25
sz.002237,0.15,0.0,0.0,0.5,18.2,16.29,2026-02-25
sz.002225,0.15,0.0,0.0,0.5,6.65,6.13,2026-02-25
sz.300777,0.15,0.0,0.0,0.5,42.3,38.73,2026-02-25
sz.002171,0.15,0.0,0.0,0.5,13.36,12.36,2026-02-25
sz.300762,0.15,0.0,0.0,0.5,41.24,36.07,2026-02-25
sz.002174,0.15,0.0,0.5,0.0,11.21,10.42,2026-02-25
sh.601888,0.15,0.0,0.5,0.0,82.1,73.97,2026-02-25
sh.601929,0.15,0.0,0.0,0.5,3.7,3.33,2026-02-25
sz.002153,0.15,0.0,0.0,0.5,11.92,10.43,2026-02-25
sz.002132,0.15,0.0,0.0,0.5,3.98,3.73,2026-02-25
sz.002160,0.15,0.0,0.0,0.5,5.97,5.37,2026-02-25
sh.601117,0.15,0.0,0.0,0.5,8.84,8.24,2026-02-25
sh.601022,0.15,0.0,0.0,0.5,9.85,9.33,2026-02-25
sh.601116,0.15,0.0,0.0,0.5,16.34,14.29,2026-02-25
sz.003031,0.15,0.0,0.0,0.5,77.75,69.49,2026-02-25
sz.300903,0.15,0.0,0.0,0.5,27.69,24.14,2026-02-25
sz.300900,0.15,0.0,0.0,0.5,35.45,28.81,2026-02-25
sz.003009,0.15,0.0,0.0,0.5,68.26,61.24,2026-02-25
sz.003010,0.15,0.0,0.5,0.0,31.6,28.4,2026-02-25
sz.002928,0.15,0.0,0.0,0.5,11.05,10.17,2026-02-25
sz.002202,0.15,0.0,0.0,0.5,27.26,24.04,2026-02-25
sh.601677,0.15,0.0,0.0,0.5,16.66,15.55,2026-02-25
sz.002201,0.15,0.0,0.0,0.5,13.87,11.84,2026-02-25
sz.002130,0.15,0.0,0.0,0.5,27.9,25.53,2026-02-25
sz.002140,0.15,0.0,0.0,0.5,12.2,11.44,2026-02-25
sh.601179,0.15,0.0,0.0,0.5,15.79,14.05,2026-02-25
sh.600888,0.15,0.0,0.0,0.5,9.15,8.46,2026-02-25
sh.600880,0.15,0.0,0.5,0.0,5.78,5.22,2026-02-25
sh.600877,0.15,0.0,0.0,0.5,19.66,17.53,2026-02-25
sz.300986,0.15,0.0,0.0,0.5,31.14,24.33,2026-02-25
sz.300963,0.15,0.0,0.0,0.5,20.24,18.68,2026-02-25
sz.300863,0.15,0.0,0.0,0.5,56.93,51.23,2026-02-24
sz.300871,0.15,0.0,0.0,0.5,27.37,24.65,2026-02-25
sz.300850,0.15,0.0,0.0,0.5,44.31,41.3,2026-02-25
sh.601061,0.15,0.0,0.0,0.5,15.14,13.8,2026-02-25
sh.600973,0.15,0.0,0.0,0.5,7.38,6.81,2026-02-25
sh.601020,0.15,0.0,0.0,0.5,35.43,31.61,2026-02-25
sz.002134,0.15,0.0,0.0,0.5,23.74,21.71,2026-02-25
sh.600977,0.15,0.0,0.5,0.0,15.32,13.04,2026-02-25
sz.002121,0.15,0.0,0.0,0.5,9.44,8.53,2026-02-25
sz.300005,0.15,0.0,0.0,0.5,14.22,12.82,2026-02-25
sz.300004,0.15,0.0,0.0,0.5,14.62,12.95,2026-02-25
sh.600770,0.15,0.0,0.0,0.5,6.58,5.93,2026-02-25
sh.600783,0.15,0.0,0.0,0.5,23.86,21.38,2026-02-25
sh.600800,0.15,0.0,0.0,0.5,4.56,4.14,2026-02-25
sz.002119,0.15,0.0,0.0,0.5,23.62,20.79,2026-02-25
sh.600789,0.15,0.0,0.0,0.5,9.2,8.86,2026-02-25
sz.002094,0.15,0.0,0.0,0.5,7.7,7.07,2026-02-25
sz.301123,0.15,0.0,0.0,0.5,62.48,55.08,2026-02-25
sz.301093,0.15,0.0,0.0,0.5,77.49,67.68,2026-02-25
sz.002083,0.15,0.0,0.0,0.5,11.97,10.78,2026-02-25
sz.301073,0.15,0.0,0.0,0.5,29.11,25.64,2026-02-25
sz.300053,0.15,0.0,0.0,0.5,20.53,17.58,2026-02-25
sz.300984,0.15,0.0,0.0,0.5,71.54,64.91,2026-02-25
sz.300045,0.15,0.0,0.0,0.5,26.75,24.07,2026-02-25
sh.600897,0.15,0.0,0.0,0.5,17.61,16.43,2026-02-24
sz.300043,0.15,0.0,0.0,0.5,6.47,5.76,2026-02-25
sz.300036,0.15,0.0,0.0,0.5,18.46,17.1,2026-02-25
sh.600773,0.15,0.0,0.0,0.5,14.13,12.78,2026-02-25
sh.600744,0.15,0.0,0.0,0.5,6.56,6.18,2026-02-25
sz.301216,0.15,0.0,0.0,0.5,22.27,20.25,2026-02-25
sz.300039,0.15,0.0,0.0,0.5,6.38,6.09,2026-02-25
sz.301232,0.15,0.0,0.0,0.5,184.0,141.33,2026-02-25
sz.002151,0.15,0.0,0.0,0.5,43.53,39.66,2026-02-25
sz.002149,0.15,0.0,0.0,0.5,49.03,41.47,2026-02-25
sz.001287,0.15,0.0,0.0,0.5,24.78,22.82,2026-02-25
sz.300085,0.15,0.0,0.0,0.5,38.82,35.82,2026-02-25
sz.301050,0.15,0.0,0.0,0.5,54.67,50.05,2026-02-25
sz.301128,0.15,0.0,0.0,0.5,109.23,97.97,2026-02-25
sz.300077,0.15,0.0,0.0,0.5,22.21,20.52,2026-02-25
sz.300072,0.15,0.0,0.0,0.5,4.82,4.44,2026-02-25
sz.002077,0.15,0.0,0.0,0.5,17.13,15.88,2026-02-25
sh.600859,0.15,0.0,0.5,0.0,13.82,12.93,2026-02-24
sh.600819,0.15,0.0,0.0,0.5,8.68,7.98,2026-02-25
sh.600633,0.15,0.0,0.5,0.0,14.23,12.56,2026-02-25
sz.002073,0.15,0.0,0.0,0.5,8.34,7.96,2026-02-25
sz.002026,0.15,0.0,0.0,0.5,15.58,14.37,2026-02-25
sz.301330,0.15,0.0,0.0,0.5,38.66,35.74,2026-02-25
sz.002025,0.15,0.0,0.0,0.5,51.84,47.72,2026-02-25
sz.002046,0.15,0.0,0.0,0.5,47.67,42.79,2026-02-25
sz.002123,0.15,0.0,0.0,0.5,11.83,10.98,2026-02-25
sz.002115,0.15,0.0,0.0,0.5,15.02,13.14,2026-02-25
sz.001331,0.15,0.0,0.0,0.5,53.55,46.21,2026-02-25
sh.600718,0.15,0.0,0.0,0.5,10.41,9.69,2026-02-25
sz.001208,0.15,0.0,0.0,0.5,22.64,19.78,2026-02-25
sh.600736,0.15,0.0,0.0,0.5,7.28,6.75,2026-02-25
sz.300129,0.15,0.0,0.0,0.5,13.88,12.26,2026-02-25
sh.600711,0.15,0.0,0.0,0.5,16.86,14.86,2026-02-25
sz.300101,0.15,0.0,0.0,0.5,27.35,24.4,2026-02-25
sh.600776,0.15,0.0,0.0,0.5,18.07,16.33,2026-02-25
sz.300098,0.15,0.0,0.0,0.5,6.27,5.8,2026-02-25
sz.002017,0.15,0.0,0.0,0.5,22.83,21.0,2026-02-25
sz.002041,0.15,0.0,0.0,0.5,10.8,10.0,2026-02-25
sz.301522,0.15,0.0,0.0,0.5,40.13,36.68,2026-02-25
sz.301517,0.15,0.0,0.0,0.5,63.5,55.74,2026-02-25
sz.002023,0.15,0.0,0.0,0.5,12.36,11.49,2026-02-25
sz.301571,0.15,0.0,0.0,0.5,56.19,52.01,2026-02-25
sz.301550,0.15,0.0,0.0,0.5,171.16,146.97,2026-02-25
sz.001337,0.15,0.0,0.0,0.5,51.09,43.89,2026-02-25
sh.600699,0.15,0.0,0.0,0.5,28.26,26.49,2026-02-25
sh.600693,0.15,0.0,0.0,0.5,13.72,11.7,2026-02-25
sh.600654,0.15,0.0,0.0,0.5,3.8,3.58,2026-02-25
sz.002004,0.15,0.0,0.0,0.5,5.53,5.2,2026-02-25
sh.600617,0.15,0.0,0.0,0.5,3.21,3.0,2026-02-25
sh.600598,0.15,0.0,0.0,0.5,15.87,14.99,2026-02-25
sz.000928,0.15,0.0,0.0,0.5,6.88,6.54,2026-02-25
sh.600425,0.15,0.0,0.0,0.5,4.66,4.43,2026-02-25
sh.600456,0.15,0.0,0.0,0.5,40.05,36.67,2026-02-25
sz.399006,0.15,0.0,0.0,0.5,3354.819,3218.27,2026-02-25
sz.301529,0.15,0.0,0.0,0.5,126.31,107.31,2026-02-25
sz.000878,0.15,0.0,0.0,0.5,24.42,21.71,2026-02-25
sz.300142,0.15,0.0,0.0,0.5,12.34,11.52,2026-02-25
sh.600558,0.15,0.0,0.0,0.5,6.34,6.0,2026-02-25
sh.600556,0.15,0.0,0.0,0.5,7.47,6.46,2026-02-25
sh.600531,0.15,0.0,0.0,0.5,17.87,15.61,2026-02-25
sh.600552,0.15,0.0,0.0,0.5,14.63,13.34,2026-02-25
sh.600509,0.15,0.0,0.0,0.5,8.52,8.06,2026-02-25
sh.600610,0.15,0.0,0.0,0.5,12.12,10.8,2026-02-25
sz.300140,0.15,0.0,0.0,0.5,7.51,6.89,2026-02-25
sz.000998,0.15,0.0,0.0,0.5,9.9,9.53,2026-02-25
sz.000981,0.15,0.0,0.0,0.5,4.93,4.38,2026-02-25
sh.600536,0.15,0.0,0.5,0.0,44.15,41.71,2026-02-24
sz.000936,0.15,0.0,0.0,0.5,8.39,7.82,2026-02-25
sz.001389,0.15,0.0,0.0,0.5,106.97,96.57,2026-02-25
sz.399306,0.15,0.0,0.0,0.5,1891.1882,1846.01,2026-02-25
sz.399243,0.15,0.0,0.0,0.5,1577.4396,1523.13,2026-02-25
sz.399231,0.15,0.0,0.0,0.5,1321.3649,1276.65,2026-02-25
sz.399232,0.15,0.0,0.0,0.5,5333.6163,4918.64,2026-02-25
sz.399236,0.15,0.0,0.0,0.5,1588.4793,1539.53,2026-02-25
sh.600459,0.15,0.0,0.0,0.5,23.75,21.18,2026-02-25
sz.000796,0.15,0.0,0.0,0.5,6.0,5.47,2026-02-25
sz.000777,0.15,0.0,0.0,0.5,25.65,23.85,2026-02-25
sz.000751,0.15,0.0,0.0,0.5,6.52,5.72,2026-02-25
sh.600489,0.15,0.0,0.0,0.5,31.1,27.4,2026-02-24
sh.600501,0.15,0.0,0.0,0.5,26.97,24.64,2026-02-25
sz.300223,0.15,0.0,0.0,0.5,140.46,123.88,2026-02-25
sz.300200,0.15,0.0,0.0,0.5,12.55,11.41,2026-02-25
sz.300192,0.15,0.0,0.0,0.5,20.36,18.67,2026-02-25
sh.600315,0.15,0.0,0.0,0.5,21.63,20.31,2026-02-25
sh.600313,0.15,0.0,0.0,0.5,7.87,7.2,2026-02-25
sh.600219,0.15,0.0,0.0,0.5,7.05,6.37,2026-02-25
sh.600301,0.15,0.0,0.0,0.5,56.84,49.7,2026-02-25
sh.600268,0.15,0.0,0.0,0.5,13.42,12.24,2026-02-25
sz.000852,0.15,0.0,0.0,0.5,8.13,7.59,2026-02-25
sz.000733,0.15,0.0,0.0,0.5,54.82,51.59,2026-02-25
sz.300252,0.15,0.0,0.0,0.5,15.26,13.91,2026-02-25
sz.300248,0.15,0.0,0.0,0.5,13.08,12.08,2026-02-25
sz.399365,0.15,0.0,0.0,0.5,14699.749,14085.23,2026-02-25
sz.399242,0.15,0.0,0.0,0.5,1673.9575,1568.3,2026-02-25
sz.300229,0.15,0.0,0.0,0.5,22.71,20.28,2026-02-25
sz.300244,0.15,0.0,0.0,0.5,23.25,20.12,2026-02-25
sh.600338,0.15,0.0,0.0,0.5,19.14,17.14,2026-02-25
sh.600361,0.15,0.0,0.0,0.5,4.69,4.35,2026-02-25
sh.600343,0.15,0.0,0.0,0.5,32.85,26.89,2026-02-25
sz.300228,0.15,0.0,0.0,0.5,10.79,9.78,2026-02-25
sh.600255,0.15,0.0,0.0,0.5,3.97,3.69,2026-02-25
sh.600246,0.15,0.0,0.0,0.5,11.87,10.73,2026-02-25
sh.600201,0.15,0.0,0.0,0.5,16.19,14.63,2026-02-25
sz.300221,0.15,0.0,0.0,0.5,11.8,10.76,2026-02-25
sz.000791,0.15,0.0,0.0,0.5,6.8,6.45,2026-02-24
sz.399103,0.15,0.0,0.0,0.5,9411.0407,9191.57,2026-02-25
sz.399395,0.15,0.0,0.0,0.5,11899.0288,10952.62,2026-02-25
sz.399379,0.15,0.0,0.0,0.5,9590.5305,9378.56,2026-02-25
sz.399352,0.15,0.0,0.0,0.5,11158.1659,10864.28,2026-02-25
sz.300267,0.15,0.0,0.0,0.5,3.85,3.55,2026-02-25
sz.399380,0.15,0.0,0.0,0.5,1900.464,1857.19,2026-02-25
sz.000620,0.15,0.0,0.0,0.5,3.17,2.8,2026-02-25
sz.399388,0.15,0.0,0.0,0.5,6989.7618,6675.58,2026-02-25
sz.000678,0.15,0.0,0.0,0.5,13.76,12.87,2026-02-24
sz.000670,0.15,0.0,0.0,0.5,8.65,8.05,2026-02-25
sz.000630,0.15,0.0,0.0,0.5,7.73,6.83,2026-02-25
sz.000758,0.15,0.0,0.0,0.5,8.49,7.63,2026-02-25
sz.000722,0.15,0.0,0.0,0.5,13.02,12.35,2026-02-25
sz.300323,0.15,0.0,0.0,0.5,8.6,7.96,2026-02-25
sz.399606,0.15,0.0,0.0,0.5,3719.4876,3568.1,2026-02-25
sz.399435,0.15,0.0,0.0,0.5,3979.407,3859.52,2026-02-25
sz.300342,0.15,0.0,0.0,0.5,45.77,38.15,2026-02-25
sh.600195,0.15,0.0,0.0,0.5,8.05,7.62,2026-02-25
sz.300337,0.15,0.0,0.0,0.5,14.63,12.8,2026-02-25
sz.300327,0.15,0.0,0.0,0.5,30.66,28.13,2026-02-25
sz.300276,0.15,0.0,0.0,0.5,8.69,8.14,2026-02-24
sz.300308,0.15,0.0,0.0,0.5,554.0,484.34,2026-02-24
sh.600151,0.15,0.0,0.0,0.5,15.2,13.17,2026-02-25
sz.300291,0.15,0.0,0.0,0.5,8.16,6.84,2026-02-25
sh.600237,0.15,0.0,0.0,0.5,10.14,9.41,2026-02-25
sh.600251,0.15,0.0,0.0,0.5,11.21,10.36,2026-02-25
sh.000993,0.15,0.0,0.0,0.5,9197.5028,8779.39,2026-02-25
sh.000823,0.15,0.0,0.0,0.5,13324.0596,12263.99,2026-02-25
sz.399350,0.15,0.0,0.0,0.5,3170.8538,3048.98,2026-02-25
sz.399639,0.15,0.0,0.0,0.5,2579.1643,2435.76,2026-02-25
sz.000603,0.15,0.0,0.0,0.5,50.54,43.34,2026-02-25
sz.399620,0.15,0.0,0.0,0.5,6090.1996,5839.24,2026-02-25
sz.000599,0.15,0.0,0.0,0.5,7.0,6.27,2026-02-25
sh.600108,0.15,0.0,0.0,0.5,3.64,3.35,2026-02-25
sz.000593,0.15,0.0,0.0,0.5,15.9,14.11,2026-02-25
sh.600067,0.15,0.0,0.0,0.5,4.32,4.04,2026-02-25
sz.000561,0.15,0.0,0.0,0.5,11.23,10.27,2026-02-24
sz.000523,0.15,0.0,0.0,0.5,3.95,3.6,2026-02-25
sz.000551,0.15,0.0,0.0,0.5,15.39,14.15,2026-02-25
sz.000065,0.15,0.0,0.0,0.5,12.23,11.48,2026-02-25
sh.600138,0.15,0.0,0.0,0.5,9.82,9.41,2026-02-25
sh.600135,0.15,0.0,0.0,0.5,9.68,8.78,2026-02-25
sz.300358,0.15,0.0,0.0,0.5,11.26,10.53,2026-02-25
sz.399687,0.15,0.0,0.0,0.5,4143.2808,3973.58,2026-02-25
sz.300346,0.15,0.0,0.0,0.5,57.58,52.03,2026-02-25
sz.399688,0.15,0.0,0.0,0.5,6788.7784,6213.66,2026-02-25
sz.300324,0.15,0.0,0.0,0.5,5.78,5.32,2026-02-25
sz.399674,0.15,0.0,0.0,0.5,1985.2842,1928.07,2026-02-25
sz.399671,0.15,0.0,0.0,0.5,10096.9199,9727.33,2026-02-25
sz.000100,0.15,0.0,0.0,0.5,4.86,4.54,2026-02-25
sz.000078,0.15,0.0,0.0,0.5,3.62,3.25,2026-02-25
sh.000041,0.15,0.0,0.0,0.5,2541.0973,2485.94,2026-02-24
sh.000063,0.15,0.0,0.0,0.5,4012.6918,3882.29,2026-02-24
sh.000057,0.15,0.0,0.0,0.5,4074.3633,3948.35,2026-02-24
sh.000049,0.15,0.0,0.0,0.5,2145.0437,2068.05,2026-02-25
sh.000073,0.15,0.0,0.0,0.5,3503.8488,3412.42,2026-02-24
sh.000077,0.15,0.0,0.0,0.5,6719.4197,6366.73,2026-02-24
sh.000935,0.15,0.0,0.0,0.5,6894.7063,6583.9,2026-02-25
sz.000426,0.15,0.0,0.0,0.5,53.07,45.82,2026-02-25
sz.002549,0.15,0.0,0.0,0.5,21.29,19.76,2026-02-25
sz.002611,0.15,0.0,0.0,0.5,18.12,17.18,2026-02-25
sh.605133,0.15,0.0,0.5,0.0,31.14,28.89,2026-02-25
sz.300400,0.15,0.0,0.0,0.5,21.61,20.2,2026-02-25
sz.300402,0.15,0.0,0.0,0.5,22.83,21.08,2026-02-25
sz.002555,0.15,0.0,0.0,0.5,24.87,22.89,2026-02-25
sh.605168,0.15,0.0,0.5,0.0,38.08,34.04,2026-02-25
sh.000028,0.15,0.0,0.0,0.5,4120.6131,3980.97,2026-02-24
sz.399995,0.15,0.0,0.0,0.5,4157.5428,4023.84,2026-02-25
sh.605090,0.15,0.0,0.0,0.5,45.38,41.02,2026-02-25
sz.399935,0.15,0.0,0.0,0.5,6894.7063,6583.9,2026-02-25
sz.399959,0.15,0.0,0.0,0.5,2069.8041,1947.61,2026-02-25
sz.399706,0.15,0.0,0.0,0.5,5837.8011,5681.19,2026-02-25
sh.603926,0.15,0.0,0.0,0.5,23.4,20.78,2026-02-24
sh.000020,0.15,0.0,0.0,0.5,1838.0129,1772.95,2026-02-25
