date,code,open,high,low,close,preclose,volume,amount,adjustflag,turn,tradestatus,pctChg,peTTM,pbMRQ,psTTM,pcfNcfTTM,isST
2025-04-24,sh.603202,135.1113400000,135.1113400000,110.1253929100,111.9493960000,90.2350735000,22893068,2831685769.9200,2,70.345700,1,24.064200,16.330968,6.480482,4.157098,-63.931019,0
2025-04-25,sh.603202,108.0890720000,112.7214608000,103.8427156000,104.1322399000,111.9493960000,12956704,1438012344.5000,2,39.813300,1,-6.982800,15.190616,6.027966,3.866817,-59.466870,0
2025-04-28,sh.603202,101.5072195800,102.4240465300,97.9943247400,98.3996587600,104.1322399000,7346847,758470541.6900,2,22.575400,1,-5.505100,14.354358,5.696121,3.653945,-56.193161,0
2025-04-29,sh.603202,99.0173106000,101.9704584600,98.2452458000,98.2548966100,98.3996587600,5551598,574346045.0900,2,17.058900,1,-0.147100,14.211999,5.191165,3.563207,140.573290,0
2025-04-30,sh.603202,97.9557215000,98.2452458000,95.5430190000,95.5430190000,98.2548966100,6091085,610310576.7300,2,18.716700,1,-2.760000,13.819742,5.047887,3.464861,136.693407,0
2025-05-06,sh.603202,96.4887983800,98.4382620000,96.0255595000,97.4924826200,95.5430190000,5205743,523285316.1500,2,15.996200,1,2.040400,14.101720,5.150884,3.535558,139.482504,0
2025-05-07,sh.603202,98.1873409400,98.5540717200,94.6840969100,95.2148914600,97.4924826200,6549865,653632106.1300,2,20.126400,1,-2.336200,13.772280,5.030550,3.452961,136.223954,0
2025-05-08,sh.603202,94.4524774700,95.7939400600,94.3945726100,95.0701293100,95.2148914600,3704759,365309613.8900,2,11.384000,1,-0.152000,13.751341,5.022902,3.447712,136.016843,0
2025-05-09,sh.603202,94.6068904300,96.4019410900,93.1496181200,95.0990817400,95.0701293100,5046377,494166437.4400,2,15.506500,1,0.030500,13.755529,5.024432,3.448762,136.058266,0
2025-05-12,sh.603202,95.0990817400,96.2764805600,94.6551444800,96.0159086900,95.0990817400,4041620,399856618.3100,2,12.419100,1,0.964100,13.888142,5.072871,3.482010,137.369970,0
2025-05-13,sh.603202,96.9906405000,97.2705139900,94.0953975000,94.3945726100,96.0159086900,3835768,378960440.8300,2,11.786500,1,-1.688600,13.653626,4.987210,3.423213,135.050324,0
2025-05-14,sh.603202,94.2884137000,98.1969917500,93.9602861600,96.1799724600,94.3945726100,4798925,478934767.5600,2,14.746100,1,1.891400,13.911873,5.081539,3.487960,137.604696,0
2025-05-15,sh.603202,96.1799724600,96.5274016200,94.7709542000,95.5333681900,96.1799724600,2946599,291199577.5600,2,9.054300,1,-0.672300,13.818346,5.047377,3.464511,136.679599,0
2025-05-16,sh.603202,94.7709542000,96.9327356400,94.6068904300,95.7649876300,95.5333681900,2833205,281082773.6700,2,8.705900,1,0.242400,13.851848,5.059614,3.472911,137.010977,0
2025-05-19,sh.603202,95.5623206200,95.6395271000,94.2208580300,94.5779380000,95.7649876300,2421477,237487224.5500,2,7.440700,1,-1.239500,13.680148,4.996898,3.429862,135.312665,0
2025-05-20,sh.603202,94.4138742300,94.7516525800,94.2691120800,94.4910807100,94.5779380000,1871420,183240298.9800,2,5.750500,1,-0.091800,13.667585,4.992309,3.426713,135.188398,0
2025-05-21,sh.603202,94.3752709900,94.3752709900,93.5549521400,93.6418094300,94.4910807100,2691869,261928689.0100,2,8.271600,1,-0.898800,13.544743,4.947439,3.395914,133.973346,0
2025-05-22,sh.603202,93.4198408000,98.1873409400,93.3233327000,96.3440362300,93.6418094300,5980114,594754215.7600,2,18.375700,1,2.885700,13.935604,5.090207,3.493910,137.839422,0
2025-05-23,sh.603202,95.6684795300,101.0922347500,95.1569866000,98.4672144300,96.3440362300,6703653,683865508.6700,2,20.599000,1,2.203700,14.242710,5.202383,3.570907,140.877053,0
2025-05-26,sh.603202,98.4382620000,99.4708986700,96.1220676000,97.0099421200,98.4672144300,3950788,399093654.2600,2,12.140000,1,-1.480000,14.031924,5.125390,3.518059,138.792134,0
2025-05-27,sh.603202,96.4887983800,96.7011162000,94.3077153200,94.6551444800,97.0099421200,3097880,305072989.3000,2,9.519200,1,-2.427400,13.691316,5.000977,3.432662,135.423124,0
2025-05-28,sh.603202,94.6454936700,95.4175584700,93.8637780600,93.9795877800,94.6551444800,1845430,180634467.9600,2,5.670600,1,-0.713700,13.593600,4.965285,3.408163,134.456605,0
2025-05-29,sh.603202,94.9543195900,101.8932519800,94.9446687800,100.0788997000,93.9795877800,6258875,638928222.2800,2,19.232200,1,6.490000,14.475830,5.287534,3.629354,143.182892,0
2025-05-30,sh.603202,99.3840413800,99.5191527200,96.8169259200,97.0388945500,100.0788997000,3293451,333527628.4200,2,10.120100,1,-3.037600,14.036111,5.126919,3.519109,138.833556,0
2025-06-03,sh.603202,96.4984491900,97.9074674500,96.2764805600,96.6914653900,97.0388945500,1946343,195538097.5500,2,5.980700,1,-0.358000,13.985858,5.108563,3.506509,138.336489,0
2025-06-04,sh.603202,97.4249269500,99.0945170800,96.8265767300,97.5696891000,96.6914653900,2398729,242961631.1000,2,7.370800,1,0.908300,14.112888,5.154963,3.538358,139.592964,0
2025-06-05,sh.603202,97.0002913100,97.5503874800,95.7456860100,96.2378773200,97.5696891000,2477959,247223963.7900,2,7.614300,1,-1.365000,13.920249,5.084599,3.490060,137.687540,0
2025-06-06,sh.603202,96.1317184100,96.1317184100,94.3849218000,94.8481606800,96.2378773200,2717409,267063225.7600,2,8.350000,1,-1.444000,13.719234,5.011175,3.439662,135.699273,0
2025-06-09,sh.603202,94.8192082500,95.3307011800,94.2884137000,95.2148914600,94.8481606800,2091845,205663925.1600,2,6.427800,1,0.386700,13.772280,5.030550,3.452961,136.223954,0
2025-06-10,sh.603202,95.2341930800,95.2727963200,93.6321586200,94.2401596500,95.2148914600,2473292,241803377.2500,2,7.599900,1,-1.023700,13.631291,4.979052,3.417613,134.829406,0
2025-06-11,sh.603202,94.3849218000,95.4947649500,94.3849218000,94.8192082500,94.2401596500,2056163,202278351.3500,2,6.318200,1,0.614400,13.715047,5.009645,3.438612,135.657850,0
2025-06-12,sh.603202,94.4621282800,95.8614957300,94.2691120800,95.1666374100,94.8192082500,2112210,208185788.3300,2,6.490400,1,0.366400,13.765300,5.028001,3.451212,136.154917,0
2025-06-13,sh.603202,94.5779380000,95.4079076600,93.7190159100,93.8444764400,95.1666374100,2148824,209852304.5700,2,6.602900,1,-1.389300,13.574057,4.958146,3.403263,134.263302,0
2025-06-16,sh.603202,93.6128570000,94.1436515500,93.4005391800,94.0374926400,93.8444764400,1255748,122058716.8600,2,3.858700,1,0.205700,13.601976,4.968344,3.410263,134.539450,0
2025-06-17,sh.603202,93.9988894000,94.1822547900,93.5742537600,93.8830796800,94.0374926400,1185450,115171098.2000,2,3.642600,1,-0.164200,13.579641,4.960186,3.404663,134.318531,0
2025-06-18,sh.603202,93.8830796800,93.8830796800,93.2557770300,93.5935553800,93.8830796800,1184488,114748792.8500,2,3.639700,1,-0.308400,13.537763,4.944889,3.394164,133.904309,0
2025-06-19,sh.603202,93.5742537600,94.6454936700,93.4198408000,93.7383175300,93.5935553800,1463487,142468356.2300,2,4.497000,1,0.154700,13.558702,4.952538,3.399414,134.111420,0
2025-06-20,sh.603202,93.6032061900,94.3849218000,93.4584440400,93.8830796800,93.7383175300,1217620,118539758.7500,2,3.741500,1,0.154400,13.579641,4.960186,3.404663,134.318531,0
2025-06-23,sh.603202,93.5935553800,93.5935553800,91.4510755600,92.4065057500,93.8830796800,2271762,216556502.4900,2,6.980700,1,-1.572800,13.366063,4.882173,3.351116,132.205997,0
2025-06-24,sh.603202,92.4258073700,94.1919056000,92.2617436000,94.1146991200,92.4065057500,1954582,189798441.0300,2,6.006000,1,1.848600,13.613144,4.972423,3.413063,134.649909,0
2025-06-25,sh.603202,93.9988894000,94.0664450700,93.0820624500,93.9699369700,94.1146991200,2222835,215595262.5200,2,6.830300,1,-0.153800,13.592205,4.964775,3.407813,134.442798,0
2025-06-26,sh.603202,93.9795877800,94.2594612700,93.2847294600,93.3040310800,93.9699369700,1695014,164726313.2700,2,5.208400,1,-0.708600,13.495885,4.929593,3.383664,133.490086,0
2025-06-27,sh.603202,93.2268246000,94.0857466900,93.1399673100,93.3908883700,93.3040310800,1383979,134134582.2400,2,4.252700,1,0.093100,13.508449,4.934182,3.386814,133.614353,0
2025-06-30,sh.603202,93.4005391800,93.9313337300,93.3136818900,93.8444764400,93.3908883700,1360139,131908131.7600,2,4.179400,1,0.485700,13.574057,4.958146,3.403263,134.263302,0
2025-07-01,sh.603202,93.9795877800,93.9795877800,93.1882213600,93.4391424200,93.8444764400,1184286,114714422.3300,2,3.639100,1,-0.431900,13.515428,4.936731,3.388564,133.683390,0
2025-07-02,sh.603202,93.5356505200,95.2341930800,93.2075229800,94.1726039800,93.4391424200,2238591,218317152.2400,2,6.878700,1,0.785000,13.621519,4.975483,3.415163,134.732754,0
2025-07-03,sh.603202,94.1533023600,94.4621282800,93.7479683400,94.2305088400,94.1726039800,1286524,125419958.0600,2,3.953200,1,0.061500,13.629895,4.978542,3.417263,134.815598,0
2025-07-04,sh.603202,94.2691120800,95.3500028000,93.7286667200,94.4235250400,94.2305088400,2118515,207815979.1300,2,6.509800,1,0.204800,13.657813,4.988740,3.424263,135.091746,0
2025-07-07,sh.603202,94.2884137000,95.0894309300,93.9120321100,94.9253671600,94.4235250400,1723104,169038112.8300,2,5.294700,1,0.531500,13.730402,5.015254,3.442462,135.809732,0
2025-07-08,sh.603202,94.9639704000,97.7144512500,94.5875888100,96.8555291600,94.9253671600,3639074,363460826.0700,2,11.182100,1,2.033300,14.009589,5.117231,3.512459,138.571215,0
2025-07-09,sh.603202,96.8653759200,101.5067593800,95.2126871400,98.9831926800,96.8554795800,6118271,609071622.2900,2,18.800200,1,2.196800,13.962127,5.099895,3.500560,138.101763,0
2025-07-10,sh.603202,98.9634000000,105.5147770800,98.5972354200,104.0105334000,98.9831926800,8203622,857899913.0700,2,25.208100,1,5.079000,14.671261,5.358918,3.678352,145.115930,0
2025-07-11,sh.603202,103.8818809800,104.7626552400,101.3385216000,101.6552044800,104.0105334000,4238547,437798600.8800,2,13.024200,1,-2.264500,14.339029,5.237565,3.595056,141.829765,0
2025-07-14,sh.603202,100.9723570200,102.6250458000,100.4973327000,101.8036495800,101.6552044800,2770203,283565857.7200,2,8.512300,1,0.146000,14.359968,5.245213,3.600306,142.036876,0
2025-07-15,sh.603202,100.9525643400,102.9120396600,98.9732963400,102.5854604400,101.8036495800,4145530,421265201.9300,2,12.738400,1,0.768000,14.470247,5.285494,3.627954,143.127662,0
2025-07-16,sh.603202,101.9026129800,102.9021433200,101.4968630400,102.4271190000,102.5854604400,2605020,269195954.5700,2,8.004700,1,-0.154400,14.447912,5.277336,3.622355,142.906743,0
2025-07-17,sh.603202,101.9323020000,102.5755641000,100.9525643400,101.1504911400,102.4271190000,2060359,211213735.8900,2,6.331100,1,-1.246400,14.267836,5.211561,3.577207,141.125587,0
2025-07-18,sh.603202,100.9921497000,101.1109057800,100.0717900800,100.1014791000,101.1504911400,1990733,202100680.7300,2,6.117100,1,-1.037100,14.119867,5.157512,3.540108,139.662001,0
2025-07-21,sh.603202,100.0717900800,100.8140155800,99.6264547800,99.8243815800,100.1014791000,1893273,191291056.2700,2,5.817600,1,-0.276800,14.080781,5.143236,3.530308,139.275393,0
2025-07-22,sh.603202,99.6561438000,99.8144852400,98.4784793400,98.7357841800,99.8243815800,2129698,213066185.1500,2,6.544100,1,-1.090500,13.927229,5.087148,3.491810,137.756578,0
2025-07-23,sh.603202,98.6764061400,99.2404975200,98.0430403800,98.2508635200,98.7357841800,1501157,149714216.6400,2,4.612700,1,-0.491100,13.858828,5.062164,3.474661,137.080014,0
2025-07-24,sh.603202,98.6665098000,99.1613268000,98.0232477000,99.1019487600,98.2508635200,1727005,172362477.4400,2,5.306700,1,0.866200,13.978878,5.106014,3.504759,138.267452,0
2025-07-25,sh.603202,99.1316377800,101.8531312800,99.1316377800,100.6457778000,99.1019487600,3098697,315492440.1400,2,9.521700,1,1.557800,14.196644,5.185556,3.559357,140.421409,0
2025-07-28,sh.603202,101.3385216000,101.3385216000,99.5571804000,99.7551072000,100.6457778000,1598718,161581476.7200,2,4.912500,1,-0.885000,14.071010,5.139666,3.527858,139.178741,0
2025-07-29,sh.603202,99.5373877200,100.4280583200,99.2404975200,99.9332413200,99.7551072000,1361782,137419344.9300,2,4.184500,1,0.178600,14.096137,5.148844,3.534158,139.427275,0
2025-07-30,sh.603202,99.8540706000,102.1797105000,99.4582170000,101.9817837000,99.9332413200,3545072,363633049.4700,2,10.893300,1,2.049900,14.385095,5.254391,3.606605,142.285410,0
2025-07-31,sh.603202,101.9323020000,101.9323020000,98.2706562000,98.3696196000,101.9817837000,2639710,266156748.4500,2,8.111300,1,-3.542000,13.875579,5.068282,3.478860,137.245703,0
2025-08-01,sh.603202,98.3003452200,99.5076987000,98.2013818200,98.6467171200,98.3696196000,1156215,115338543.2100,2,3.552800,1,0.281700,13.914665,5.082559,3.488660,137.632311,0
2025-08-04,sh.603202,98.2013818200,102.4271190000,98.0628330600,101.8135459200,98.6467171200,2880884,294645008.2800,2,8.852400,1,3.210300,14.361364,5.245723,3.600656,142.050684,0
2025-08-05,sh.603202,101.4473813400,104.1985638600,101.4473813400,103.2089298600,101.8135459200,2836120,296651586.8300,2,8.714800,1,1.370500,14.558191,5.317617,3.650004,143.997529,0
2025-08-06,sh.603202,102.9318323400,103.5157164000,101.4572776800,102.4271190000,103.2089298600,1955114,201689856.2200,2,6.007700,1,-0.757500,14.447912,5.277336,3.622355,142.906743,0
2025-08-07,sh.603202,103.0011067200,107.4742524000,102.8229726000,103.9610517000,102.4271190000,4826078,515985762.4500,2,14.829600,1,1.497600,14.664281,5.356369,3.676603,145.046893,0
2025-08-08,sh.603202,103.7433322200,103.8126066000,101.1405948000,101.1801801600,103.9610517000,2295288,236417776.7900,2,7.053000,1,-2.674900,14.272024,5.213090,3.578256,141.167009,0
2025-08-11,sh.603202,101.6156191200,101.8135459200,101.1801801600,101.3682106200,101.1801801600,1427563,146316495.0900,2,4.386600,1,0.185800,14.298547,5.222778,3.584906,141.429350,0
2025-08-12,sh.603202,101.6354118000,101.7937532400,100.7546375400,101.0416314000,101.3682106200,1348091,137782259.8800,2,4.142400,1,-0.322200,14.252481,5.205952,3.573357,140.973705,0
2025-08-13,sh.603202,101.6354118000,101.6354118000,100.6259851200,100.9624606800,101.0416314000,1570973,160298713.0500,2,4.827300,1,-0.078400,14.241314,5.201873,3.570557,140.863246,0
2025-08-14,sh.603202,100.9921497000,101.4374850000,99.1217414400,99.3691499400,100.9624606800,1929187,195084443.2100,2,5.928000,1,-1.578100,14.016568,5.119781,3.514209,138.640252,0
2025-08-15,sh.603202,99.3691499400,101.8135459200,99.3691499400,100.9525643400,99.3691499400,1525728,155056819.3700,2,4.688300,1,1.593500,14.239918,5.201363,3.570207,140.849438,0
2025-08-18,sh.603202,101.0416314000,103.2188262000,100.8437046000,101.9817837000,100.9525643400,2845708,293962628.5000,2,8.744300,1,1.019500,14.385095,5.254391,3.606605,142.285410,0
2025-08-19,sh.603202,101.9817837000,106.5143074200,101.9323020000,104.4063870000,101.9817837000,4373727,462912718.4900,2,13.439600,1,2.377500,14.727098,5.379314,3.692352,145.668226,0
2025-08-20,sh.603202,104.1094968000,105.2772649200,103.1198628000,103.7136432000,104.4063870000,1804688,188840166.5200,2,5.545400,1,-0.663500,14.629383,5.343621,3.667853,144.701707,0
2025-08-21,sh.603202,103.7829175800,105.2574722400,102.0411617400,102.5557714200,103.7136432000,2098990,218898877.4500,2,6.449800,1,-1.116400,14.466059,5.283965,3.626905,143.086240,0
2025-08-22,sh.603202,102.5557714200,102.7833872400,101.9520946800,102.6745275000,102.5557714200,1506403,155881974.3000,2,4.628900,1,0.115800,14.482810,5.290083,3.631104,143.251929,0
2025-08-25,sh.603202,102.9219360000,103.3870639800,102.2786739000,103.1099664600,102.6745275000,2065818,214590258.2800,2,6.347800,1,0.424100,14.544231,5.312518,3.646504,143.859455,0
2025-08-26,sh.603202,103.1297591400,104.1094968000,102.4469116800,103.2386188800,103.1099664600,2068898,216157102.4600,2,6.357300,1,0.124800,14.562378,5.319147,3.651054,144.038951,0
2025-08-27,sh.603202,102.9021433200,104.4657650400,102.1401251400,102.2984665800,103.2386188800,2649018,276594669.1500,2,8.139900,1,-0.910700,14.429765,5.270708,3.617805,142.727247,0
2025-08-28,sh.603202,101.9224056600,101.9224056600,99.4087353000,101.4572776800,102.2984665800,4116146,418142922.5000,2,12.648100,1,-0.822300,14.754510,2.508972,3.682237,5.262844,0
2025-08-29,sh.603202,101.2395582000,101.6848935000,100.0025157000,100.3093022400,101.4572776800,1878169,190925942.0400,2,5.771200,1,-1.131500,14.587565,2.480583,3.640573,5.203296,0
2025-09-01,sh.603202,100.5171253800,101.4374850000,100.2895095600,100.5270217200,100.3093022400,1538882,156700764.6200,2,4.728700,1,0.217000,14.619227,2.485967,3.648474,5.214590,0
2025-09-02,sh.603202,100.5765034200,100.5765034200,97.9440769800,98.9535036600,100.5270217200,2251731,225273243.2200,2,6.919100,1,-1.565300,14.390396,2.447055,3.591366,5.132967,0
2025-09-03,sh.603202,99.4186316400,99.6462474600,97.8748026000,98.4982720200,98.9535036600,1268558,126536264.9500,2,3.898000,1,-0.460000,14.324194,2.435797,3.574844,5.109353,0
2025-09-04,sh.603202,98.0727294000,98.5378573800,97.1424734400,97.6768758000,98.4982720200,1364310,135007946.4800,2,4.192200,1,-0.833900,14.204742,2.415485,3.545033,5.066745,0
2025-09-05,sh.603202,97.8945952800,99.4681133400,97.4096746200,99.3097719000,97.6768758000,1344875,133978530.1000,2,4.132500,1,1.671700,14.442207,2.455865,3.604296,5.151448,0
2025-09-08,sh.603202,98.9634000000,99.6066621000,98.6269244400,99.5274913800,99.3097719000,1327111,132938115.0600,2,4.077900,1,0.219200,14.473869,2.461249,3.612198,5.162741,0
2025-09-09,sh.603202,99.5373877200,99.5373877200,97.8550099200,98.2607598600,99.5274913800,1146212,114130934.2300,2,3.522100,1,-1.272700,14.289654,2.429924,3.566224,5.097033,0
2025-09-10,sh.603202,98.1222111000,98.7456805200,98.0034550200,98.1420037800,98.2607598600,578093,57403699.8900,2,1.776400,1,-0.120900,14.272383,2.426987,3.561914,5.090873,0
2025-09-11,sh.603202,98.2508635200,98.9436073200,97.8055282200,98.9139183000,98.1420037800,1064442,105922171.6300,2,3.270800,1,0.786500,14.384640,2.446076,3.589929,5.130914,0
2025-09-12,sh.603202,98.9139183000,99.1613268000,98.4586866600,98.8248512400,98.9139183000,1018881,101748044.9800,2,3.130800,1,-0.090000,14.371687,2.443873,3.586697,5.126294,0
2025-09-15,sh.603202,99.0623634000,99.8738632800,98.7159915000,98.8248512400,98.8248512400,994236,99585870.7900,2,3.055100,1,0.000000,14.371687,2.443873,3.586697,5.126294,0
2025-09-16,sh.603202,98.7852658800,99.2701865400,98.1519001200,98.9139183000,98.8248512400,985074,98237957.2800,2,3.026900,1,0.090100,14.384640,2.446076,3.589929,5.130914,0
2025-09-17,sh.603202,99.0326743800,99.9233449800,98.7159915000,99.2998755600,98.9139183000,1085354,108957975.9800,2,3.335100,1,0.390200,14.440768,2.455620,3.603937,5.150934,0
2025-09-18,sh.603202,99.4087353000,100.2796132200,97.9737660000,98.4586866600,99.2998755600,2129316,214185624.1500,2,6.543000,1,-0.847100,14.318437,2.434818,3.573407,5.107300,0
2025-09-19,sh.603202,98.3300342400,100.2202351800,97.4789490000,100.1509608000,98.4586866600,2320368,232116092.8600,2,7.130000,1,1.718800,14.564538,2.476667,3.634826,5.195082,0
2025-09-22,sh.603202,99.9728266800,100.9426680000,98.8050585600,98.9535036600,100.1509608000,1366431,137522739.9700,2,4.198800,1,-1.195700,14.390396,2.447055,3.591366,5.132967,0
2025-09-23,sh.603202,98.9535036600,98.9634000000,96.5190040200,97.1721624600,98.9535036600,1648884,162278481.8900,2,5.066700,1,-1.800200,14.131343,2.403003,3.526715,5.040565,0
2025-09-24,sh.603202,97.0830954000,98.4586866600,96.5387967000,98.0826257400,97.1721624600,1128129,111598145.5500,2,3.466500,1,0.937000,14.263748,2.425519,3.559759,5.087793,0
2025-09-25,sh.603202,97.7758392000,100.3093022400,97.6471867800,99.0128817000,98.0826257400,1966582,196762648.4600,2,6.042900,1,0.948400,14.399032,2.448523,3.593521,5.136047,0
2025-09-26,sh.603202,99.0128817000,99.4285279800,98.0925220800,98.2211745000,99.0128817000,1194724,119051853.9100,2,3.671100,1,-0.799600,14.283897,2.428945,3.564787,5.094979,0
2025-09-29,sh.603202,97.4888453400,97.9440769800,97.1028880800,97.5086380200,98.2211745000,1024400,100866166.7000,2,3.147800,1,-0.725400,14.180276,2.411324,3.538927,5.058018,0
2025-09-30,sh.603202,97.5779124000,98.3003452200,97.5779124000,97.7263575000,97.5086380200,926800,91588314.0000,2,2.847900,1,0.223300,14.211938,2.416708,3.546829,5.069312,0
2025-10-09,sh.603202,97.9737660000,98.1222111000,97.0830954000,97.7362538400,97.7263575000,949684,93638322.5200,2,2.918200,1,0.010100,14.213377,2.416953,3.547188,5.069825,0
2025-10-10,sh.603202,97.7164611600,97.8550099200,97.3008148800,97.4690526600,97.7362538400,823788,81174357.0300,2,2.531300,1,-0.273400,14.174519,2.410345,3.537490,5.055965,0
2025-10-13,sh.603202,95.9944980000,96.3408699000,95.2819615200,95.6085407400,97.4690526600,1538998,148747846.6500,2,4.729000,1,-1.908800,13.903952,2.364336,3.469966,4.959456,0
2025-10-14,sh.603202,95.7965712000,95.9846016600,94.8861079200,94.9553823000,95.6085407400,1609347,155015080.6100,2,4.945200,1,-0.683200,13.808966,2.348184,3.446260,4.925575,0
2025-10-15,sh.603202,95.0147603400,95.6481261000,94.7376628200,95.4699919800,94.9553823000,767077,73793557.8000,2,2.357100,1,0.541900,13.883804,2.360910,3.464937,4.952269,0
2025-10-16,sh.603202,95.8000000000,95.8500000000,95.2500000000,95.3500000000,95.4700000000,620800,59274870.0000,2,1.907600,1,-0.125700,13.722615,2.333500,3.424710,4.894774,0
2025-10-17,sh.603202,95.3100000000,95.3400000000,93.7300000000,93.7400000000,95.3500000000,979447,92389596.8200,2,3.009600,1,-1.688500,13.490907,2.294099,3.366883,4.812125,0
2025-10-20,sh.603202,94.2200000000,94.7700000000,94.1200000000,94.3400000000,93.7400000000,522932,49400580.9800,2,1.606900,1,0.640100,13.577258,2.308782,3.388433,4.842926,0
2025-10-21,sh.603202,94.3600000000,94.7600000000,94.3500000000,94.7300000000,94.3400000000,647519,61272661.1600,2,1.989700,1,0.413400,13.633386,2.318327,3.402441,4.862946,0
2025-10-22,sh.603202,94.4600000000,95.2400000000,94.2000000000,94.6400000000,94.7300000000,585533,55463866.1800,2,1.799200,1,-0.095000,13.620433,2.316124,3.399209,4.858326,0
2025-10-23,sh.603202,94.3300000000,95.2000000000,94.2100000000,95.1200000000,94.6400000000,745593,70568238.1500,2,2.291100,1,0.507200,13.689514,2.327871,3.416449,4.882967,0
2025-10-24,sh.603202,94.9900000000,95.9100000000,94.5000000000,95.6700000000,95.1200000000,1255688,119696189.5500,2,3.775100,1,0.578200,13.768669,2.341332,3.436203,4.911201,0
2025-10-27,sh.603202,95.6000000000,95.7800000000,95.0000000000,95.7400000000,95.6700000000,875198,83577854.8300,2,2.631200,1,0.073200,13.778743,2.343045,3.438718,4.914794,0
2025-10-28,sh.603202,95.7100000000,97.2500000000,95.4000000000,96.4300000000,95.7400000000,1316559,126907961.1800,2,3.958100,1,0.720700,13.878047,2.359931,3.463500,4.950215,0
2025-10-29,sh.603202,95.8200000000,96.1500000000,94.8900000000,96.1200000000,96.4300000000,928495,88765269.2200,2,2.791500,1,-0.321500,13.833432,2.352344,3.452366,4.934301,0
2025-10-30,sh.603202,96.1800000000,96.3500000000,94.9100000000,95.1000000000,96.1200000000,884511,84418955.9100,2,2.659200,1,-1.061200,13.686636,2.327382,3.415731,4.881940,0
2025-10-31,sh.603202,94.0700000000,95.4300000000,93.7500000000,95.1100000000,95.1000000000,1081527,102470087.0100,2,3.251500,1,0.010500,14.298604,2.296069,3.603155,7.057289,0
2025-11-03,sh.603202,94.6800000000,95.2500000000,94.2100000000,95.1700000000,95.1100000000,862685,81688961.6600,2,2.593600,1,0.063100,14.307624,2.297518,3.605428,7.061741,0
2025-11-04,sh.603202,95.1900000000,95.7900000000,94.2700000000,94.5800000000,95.1700000000,694536,65948248.2200,2,2.088100,1,-0.619900,14.218925,2.283275,3.583076,7.017963,0
2025-11-05,sh.603202,94.3400000000,95.4000000000,94.2000000000,95.2300000000,94.5800000000,658343,62577056.9600,2,1.979300,1,0.687200,14.316645,2.298966,3.607701,7.066194,0
2025-11-06,sh.603202,95.4000000000,96.2500000000,95.1300000000,95.8000000000,95.2300000000,893465,85594211.8100,2,2.686100,1,0.598600,14.402337,2.312727,3.629295,7.108488,0
2025-11-07,sh.603202,96.2800000000,96.3000000000,95.5500000000,95.6100000000,95.8000000000,766564,73492523.8600,2,2.304600,1,-0.198300,14.373773,2.308140,3.622097,7.094390,0
2025-11-10,sh.603202,95.8600000000,95.8800000000,95.2000000000,95.8600000000,95.6100000000,630896,60272340.2400,2,1.896700,1,0.261500,14.411357,2.314175,3.631568,7.112940,0
2025-11-11,sh.603202,96.0000000000,96.3000000000,95.6600000000,95.9700000000,95.8600000000,615691,59123263.6400,2,1.851000,1,0.114800,14.427894,2.316831,3.635735,7.121103,0
2025-11-12,sh.603202,95.7000000000,95.9700000000,95.2500000000,95.7700000000,95.9700000000,577248,55176972.7200,2,1.735500,1,-0.208400,14.397827,2.312003,3.628158,7.106262,0
2025-11-13,sh.603202,95.7400000000,96.3300000000,95.4700000000,95.9300000000,95.7700000000,633220,60755774.8900,2,1.903700,1,0.167100,14.421881,2.315865,3.634220,7.118135,0
2025-11-14,sh.603202,95.5800000000,96.4300000000,95.4100000000,95.7800000000,95.9300000000,814755,78271595.5500,2,2.449500,1,-0.156400,14.399330,2.312244,3.628537,7.107004,0
2025-11-17,sh.603202,95.5800000000,95.7000000000,94.5200000000,94.7400000000,95.7800000000,851827,80760518.4700,2,2.561000,1,-1.085800,14.242979,2.287137,3.589138,7.029835,0
2025-11-18,sh.603202,94.7300000000,94.7400000000,93.8700000000,93.9500000000,94.7400000000,748935,70508769.0300,2,2.251600,1,-0.833900,14.124212,2.268066,3.559209,6.971216,0
2025-11-19,sh.603202,93.9700000000,94.1000000000,92.9700000000,93.0800000000,93.9500000000,906141,84572375.1100,2,2.724200,1,-0.926000,13.993419,2.247063,3.526250,6.906661,0
2025-11-20,sh.603202,93.4900000000,93.7900000000,93.0000000000,93.2600000000,93.0800000000,557162,51986472.2300,2,1.675100,1,0.193400,14.020480,2.251408,3.533069,6.920017,0
2025-11-21,sh.603202,93.0000000000,93.3800000000,91.1900000000,91.1900000000,93.2600000000,1196569,110017146.1700,2,3.597400,1,-2.219600,13.709281,2.201436,3.454649,6.766420,0
2025-11-24,sh.603202,91.3900000000,91.6100000000,90.8100000000,91.4700000000,91.1900000000,501920,45802342.9300,2,1.509000,1,0.307100,13.751375,2.208195,3.465257,6.787197,0
2025-11-25,sh.603202,91.8800000000,92.4600000000,91.5000000000,91.8500000000,91.4700000000,595710,54849026.9900,2,1.791000,1,0.415400,13.808504,2.217369,3.479653,6.815393,0
2025-11-26,sh.603202,91.8500000000,92.1600000000,90.9900000000,91.3800000000,91.8500000000,545968,50054644.7200,2,1.641400,1,-0.511700,13.737845,2.206023,3.461847,6.780518,0
2025-11-27,sh.603202,91.4000000000,91.9500000000,91.4000000000,91.5300000000,91.3800000000,424879,38943060.5200,2,1.277400,1,0.164100,13.760396,2.209644,3.467530,6.791649,0
2025-11-28,sh.603202,91.9000000000,92.0900000000,91.1500000000,92.0600000000,91.5300000000,446466,40902073.5600,2,1.342300,1,0.579000,13.840075,2.222439,3.487608,6.830975,0
2025-12-01,sh.603202,92.0000000000,92.8800000000,91.8800000000,92.7500000000,92.0600000000,623403,57714673.4700,2,1.874200,1,0.749500,13.943807,2.239096,3.513748,6.882174,0
2025-12-02,sh.603202,92.9800000000,93.2500000000,92.4800000000,92.6700000000,92.7500000000,564164,52415327.9700,2,1.696100,1,-0.086300,13.931780,2.237165,3.510718,6.876238,0
2025-12-03,sh.603202,92.1100000000,92.7000000000,91.9400000000,92.1000000000,92.6700000000,486564,44855353.0600,2,1.462800,1,-0.615100,13.846088,2.223404,3.489124,6.833943,0
2025-12-04,sh.603202,92.1500000000,92.6900000000,92.1500000000,92.4000000000,92.1000000000,461497,42655385.5900,2,1.387500,1,0.325700,13.891189,2.230647,3.500489,6.856204,0
2025-12-05,sh.603202,92.4500000000,93.1900000000,92.0800000000,93.1600000000,92.4000000000,662988,61554050.8900,2,1.993200,1,0.822500,14.005446,2.248994,3.529281,6.912597,0
2025-12-08,sh.603202,93.2500000000,93.5700000000,92.9000000000,93.5700000000,93.1600000000,700519,65405263.4400,2,2.106100,1,0.440100,14.067084,2.258892,3.544813,6.943019,0
2025-12-09,sh.603202,93.5000000000,93.6200000000,92.9400000000,93.0500000000,93.5700000000,449074,41874172.9000,2,1.350100,1,-0.555700,13.988909,2.246338,3.525114,6.904435,0
2025-12-10,sh.603202,93.5900000000,93.9900000000,93.2900000000,93.9000000000,93.0500000000,672712,63057020.9300,2,2.022500,1,0.913500,14.116696,2.266859,3.557315,6.967506,0
2025-12-11,sh.603202,93.8600000000,93.8600000000,92.5600000000,93.0900000000,93.9000000000,879003,81791380.8200,2,2.642700,1,-0.862600,13.994922,2.247304,3.526629,6.907403,0
2025-12-12,sh.603202,92.7800000000,93.5000000000,92.6100000000,93.5000000000,93.0900000000,1165935,108616746.0000,2,3.505300,1,0.440400,14.056561,2.257202,3.542161,6.937825,0
2025-12-15,sh.603202,93.0800000000,93.5000000000,92.5000000000,92.5000000000,93.5000000000,771041,71555629.3900,2,2.318100,1,-1.069500,13.906223,2.233061,3.504277,6.863624,0
2025-12-16,sh.603202,92.5200000000,92.9600000000,91.2000000000,91.2600000000,92.5000000000,602120,55117542.6900,2,1.810200,1,-1.340500,13.719804,2.203126,3.457301,6.771614,0
2025-12-17,sh.603202,91.3400000000,92.1400000000,91.0000000000,91.8000000000,91.2600000000,533833,48836048.1800,2,1.604900,1,0.591700,13.800987,2.216162,3.477758,6.811683,0
2025-12-18,sh.603202,91.6000000000,92.1000000000,91.2800000000,91.4900000000,91.8000000000,466224,42778232.4700,2,1.401700,1,-0.337700,13.754382,2.208678,3.466014,6.788681,0
2025-12-19,sh.603202,91.7000000000,92.0800000000,91.4800000000,91.9800000000,91.4900000000,531235,48807109.2300,2,1.597100,1,0.535600,13.828048,2.220507,3.484578,6.825039,0
2025-12-22,sh.603202,91.9700000000,92.7500000000,91.7200000000,92.6000000000,91.9800000000,586479,54151500.2100,2,1.763200,1,0.674100,13.921257,2.235475,3.508066,6.871044,0
2025-12-23,sh.603202,92.2600000000,92.6000000000,91.7200000000,91.8000000000,92.6000000000,516944,47561654.3600,2,1.554200,1,-0.863900,13.800987,2.216162,3.477758,6.811683,0
2025-12-24,sh.603202,91.8000000000,92.1200000000,91.6800000000,91.9500000000,91.8000000000,535307,49197039.8500,2,1.609400,1,0.163400,13.823537,2.219783,3.483441,6.822813,0
2025-12-25,sh.603202,92.0000000000,92.1500000000,91.7300000000,92.0400000000,91.9500000000,587449,53998650.3400,2,1.766100,1,0.097900,13.837068,2.221956,3.486851,6.829491,0
2025-12-26,sh.603202,91.9300000000,92.2300000000,91.7300000000,91.9500000000,92.0400000000,556537,51165907.5500,2,1.673200,1,-0.097800,13.823537,2.219783,3.483441,6.822813,0
2025-12-29,sh.603202,91.9600000000,91.9600000000,91.1900000000,91.4300000000,91.9500000000,604578,55376553.1000,2,1.817600,1,-0.565500,13.745362,2.207230,3.463741,6.784228,0
2025-12-30,sh.603202,91.2000000000,91.9600000000,91.1800000000,91.8100000000,91.4300000000,459849,42106308.3500,2,1.382500,1,0.415600,13.802490,2.216403,3.478137,6.812425,0
2025-12-31,sh.603202,91.8100000000,92.0800000000,91.5600000000,91.8100000000,91.8100000000,526711,48392889.9900,2,1.583500,1,0.000000,13.802490,2.216403,3.478137,6.812425,0
2026-01-05,sh.603202,92.2900000000,92.2900000000,91.5100000000,92.2400000000,91.8100000000,683253,62903361.6200,2,2.054200,1,0.468400,13.867135,2.226784,3.494427,6.844332,0
2026-01-06,sh.603202,92.2800000000,93.3900000000,92.2400000000,93.2400000000,92.2400000000,995665,92430496.0400,2,2.993400,1,1.084100,14.017473,2.250925,3.532311,6.918533,0
2026-01-07,sh.603202,93.2300000000,93.2800000000,92.4400000000,92.7300000000,93.2400000000,841212,78020082.4900,2,2.529000,1,-0.547000,13.940801,2.238613,3.512991,6.880690,0
2026-01-08,sh.603202,92.8100000000,92.9700000000,92.3500000000,92.7400000000,92.7300000000,632235,58600822.3000,2,1.900800,1,0.010800,13.942304,2.238855,3.513369,6.881432,0
2026-01-09,sh.603202,92.7400000000,92.9800000000,92.4300000000,92.9800000000,92.7400000000,997653,92482050.5400,2,2.999400,1,0.258800,13.978385,2.244649,3.522462,6.899241,0
2026-01-12,sh.603202,93.0800000000,93.1800000000,92.4100000000,93.0800000000,92.9800000000,1516385,140628681.7500,2,4.558900,1,0.107600,13.993419,2.247063,3.526250,6.906661,0
2026-01-13,sh.603202,93.1500000000,93.4500000000,92.3700000000,92.5000000000,93.0800000000,1311437,121838075.1000,2,3.942700,1,-0.623100,13.906223,2.233061,3.504277,6.863624,0
2026-01-14,sh.603202,92.3400000000,93.3700000000,92.3100000000,92.5100000000,92.5000000000,1363002,126460440.2300,2,4.097800,1,0.010800,13.907726,2.233302,3.504656,6.864366,0
2026-01-15,sh.603202,92.3600000000,92.7500000000,91.9200000000,92.1100000000,92.5100000000,880057,81173087.3600,2,2.645800,1,-0.432400,13.847591,2.223646,3.489502,6.834685,0
2026-01-16,sh.603202,92.4100000000,92.8700000000,92.1200000000,92.5200000000,92.1100000000,809601,74873032.6300,2,2.434000,1,0.445100,13.909230,2.233544,3.505035,6.865108,0
2026-01-19,sh.603202,92.5200000000,95.3600000000,92.3800000000,95.2500000000,92.5200000000,2276575,214031547.2700,2,6.844400,1,2.950700,14.319651,2.299449,3.608458,7.067678,0
2026-01-20,sh.603202,95.0000000000,95.0900000000,94.0000000000,94.3400000000,95.2500000000,1373248,129719951.1100,2,4.128600,1,-0.955400,14.182844,2.277481,3.573984,7.000154,0
2026-01-21,sh.603202,94.3200000000,98.3800000000,94.0500000000,96.4100000000,94.3400000000,2896296,280820376.0400,2,8.707500,1,2.194200,14.494043,2.327453,3.652404,7.153751,0
2026-01-22,sh.603202,96.4100000000,96.6000000000,95.7100000000,96.1800000000,96.4100000000,1274796,122383533.5800,2,3.832600,1,-0.238600,14.459465,2.321900,3.643691,7.136685,0
2026-01-23,sh.603202,96.5000000000,97.0800000000,95.8500000000,96.4600000000,96.1800000000,1192990,115026985.6000,2,3.586600,1,0.291100,14.501560,2.328660,3.654298,7.157461,0
2026-01-26,sh.603202,96.4600000000,96.6500000000,94.4500000000,94.8900000000,96.4600000000,1417101,134779762.8800,2,4.260400,1,-1.627600,14.265530,2.290758,3.594820,7.040965,0
2026-01-27,sh.603202,94.8900000000,94.8900000000,93.2300000000,94.4000000000,94.8900000000,1023363,96229116.5700,2,3.076700,1,-0.516400,14.191864,2.278929,3.576257,7.004606,0
2026-01-28,sh.603202,93.9300000000,94.4100000000,93.3000000000,93.5200000000,94.4000000000,1031170,96739894.1300,2,3.100100,1,-0.932200,14.059567,2.257685,3.542919,6.939309,0
2026-01-29,sh.603202,93.5000000000,93.5000000000,92.6700000000,93.2000000000,93.5200000000,1132441,105296794.4900,2,3.404600,1,-0.342200,14.011459,2.249960,3.530796,6.915565,0
2026-01-30,sh.603202,93.1500000000,93.6000000000,92.1800000000,92.8400000000,93.2000000000,1096699,101835603.9500,2,3.297100,1,-0.386300,13.957338,2.241269,3.517158,6.888852,0
2026-02-02,sh.603202,92.5000000000,93.1500000000,91.9300000000,91.9900000000,92.8400000000,938161,86698838.2100,2,2.820500,1,-0.915600,13.829551,2.220749,3.484956,6.825781,0
2026-02-03,sh.603202,92.1000000000,92.6700000000,91.8300000000,92.5000000000,91.9900000000,721454,66611479.0300,2,2.169000,1,0.554400,13.906223,2.233061,3.504277,6.863624,0
2026-02-04,sh.603202,92.3000000000,92.9200000000,92.0600000000,92.8800000000,92.5000000000,640444,59275398.2700,2,1.925500,1,0.410800,13.963351,2.242234,3.518673,6.891820,0
2026-02-05,sh.603202,92.6500000000,93.4900000000,92.6000000000,92.6800000000,92.8800000000,718577,66765909.3700,2,2.160400,1,-0.215300,13.933284,2.237406,3.511096,6.876980,0
2026-02-06,sh.603202,92.7600000000,93.2600000000,92.2800000000,92.8300000000,92.6800000000,809525,75164930.8300,2,2.433800,1,0.161800,13.955834,2.241027,3.516779,6.888110,0
2026-02-09,sh.603202,93.1800000000,93.4600000000,92.8400000000,93.3800000000,92.8300000000,632106,58865190.3400,2,1.900400,1,0.592500,14.038520,2.254305,3.537615,6.928921,0
2026-02-10,sh.603202,93.1600000000,93.4000000000,92.9900000000,93.4000000000,93.3800000000,561923,52337813.5800,2,1.689400,1,0.021400,14.041527,2.254788,3.538373,6.930405,0
2026-02-11,sh.603202,93.3800000000,93.4500000000,93.0400000000,93.3900000000,93.4000000000,487846,45467445.5600,2,1.466700,1,-0.010700,14.040023,2.254547,3.537994,6.929663,0
2026-02-12,sh.603202,93.2300000000,93.4200000000,92.7500000000,93.3500000000,93.3900000000,1035843,96330339.5000,2,3.114200,1,-0.042800,14.034010,2.253581,3.536479,6.926695,0
2026-02-13,sh.603202,93.1100000000,93.2900000000,92.7500000000,92.7500000000,93.3500000000,457409,42556907.9700,2,1.375200,1,-0.642700,13.943807,2.239096,3.513748,6.882174,0
2026-02-24,sh.603202,92.9000000000,93.2200000000,92.7400000000,92.8900000000,92.7500000000,519395,48276074.6100,2,1.561500,1,0.150900,13.964855,2.242476,3.519052,6.892562,0
2026-02-25,sh.603202,92.8800000000,93.1400000000,92.7500000000,92.9400000000,92.8900000000,476803,44343894.1100,2,1.433500,1,0.053800,13.972372,2.243683,3.520946,6.896273,0
2026-02-26,sh.603202,92.9400000000,92.9400000000,92.2800000000,92.6200000000,92.9400000000,781253,72305660.2500,2,2.348800,1,-0.344300,13.924264,2.235958,3.508823,6.872528,0
2026-02-27,sh.603202,92.5900000000,92.5900000000,92.1700000000,92.4900000000,92.6200000000,604830,55846769.2800,2,1.818400,1,-0.140400,13.904720,2.232819,3.503898,6.862882,0
2026-03-02,sh.603202,91.8000000000,91.8000000000,91.0700000000,91.2000000000,92.4900000000,919071,84015612.0000,2,2.763100,1,-1.394700,13.710784,2.201677,3.455028,6.767162,0
2026-03-03,sh.603202,91.1900000000,91.6000000000,90.7500000000,91.0000000000,91.2000000000,928059,84499836.5300,2,2.790100,1,-0.219300,13.680717,2.196849,3.447451,6.752322,0
2026-03-04,sh.603202,90.6800000000,90.7600000000,90.0900000000,90.1100000000,91.0000000000,625081,56485601.6700,2,1.879300,1,-0.978000,13.546916,2.175363,3.413734,6.686283,0
2026-03-05,sh.603202,90.5000000000,91.0500000000,90.2200000000,90.7000000000,90.1100000000,656191,59349230.0100,2,1.972800,1,0.654800,13.635615,2.189607,3.436086,6.730061,0
2026-03-06,sh.603202,90.2800000000,91.6600000000,90.2500000000,91.3800000000,90.7000000000,625215,56907491.8300,2,1.879700,1,0.749700,13.737845,2.206023,3.461847,6.780518,0
2026-03-09,sh.603202,90.5200000000,90.5200000000,89.6400000000,90.1200000000,91.3800000000,694308,62471194.7100,2,2.087400,1,-1.378900,13.548420,2.175605,3.414113,6.687025,0
2026-03-10,sh.603202,90.4600000000,91.5500000000,90.4400000000,91.4900000000,90.1200000000,601474,54772149.1100,2,1.808300,1,1.520200,13.754382,2.208678,3.466014,6.788681,0
2026-03-11,sh.603202,91.3800000000,91.6300000000,91.0500000000,91.3500000000,91.4900000000,398258,36356883.2700,2,1.197300,1,-0.153000,13.733335,2.205298,3.460711,6.778292,0
2026-03-12,sh.603202,91.4000000000,91.4100000000,90.8800000000,91.4100000000,91.3500000000,378932,34532357.1700,2,1.139200,1,0.065700,13.742355,2.206747,3.462984,6.782744,0
2026-03-13,sh.603202,91.1000000000,91.6000000000,91.1000000000,91.4100000000,91.4100000000,335887,30688641.9700,2,1.009800,1,0.000000,13.742355,2.206747,3.462984,6.782744,0
2026-03-16,sh.603202,91.2600000000,91.5900000000,90.7100000000,91.5000000000,91.4100000000,384167,35031373.4100,2,1.155000,1,0.098500,13.755885,2.208920,3.466393,6.789423,0
2026-03-17,sh.603202,91.5800000000,93.9800000000,91.1900000000,93.3500000000,91.5000000000,1784077,165929978.9200,2,5.363700,1,2.021900,14.034010,2.253581,3.536479,6.926695,0
2026-03-18,sh.603202,93.7400000000,93.9000000000,92.3100000000,93.6000000000,93.3500000000,1451212,135452630.8100,2,4.363000,1,0.267800,14.071594,2.259616,3.545950,6.945245,0
