date,code,open,high,low,close,preclose,volume,amount,adjustflag,turn,tradestatus,pctChg,peTTM,pbMRQ,psTTM,pcfNcfTTM,isST
2024-10-14,sh.603069,17.3900000000,17.3900000000,16.8200000000,17.2400000000,17.2500000000,7501442,128409686.5000,2,2.373900,1,-0.058000,-176.441404,6.052891,5.960744,67.123212,0
2024-10-15,sh.603069,17.1500000000,17.5400000000,16.9500000000,17.2200000000,17.2400000000,6960838,119840154.6400,2,2.202800,1,-0.116000,-176.236716,6.045869,5.953829,67.045343,0
2024-10-16,sh.603069,17.0800000000,17.3000000000,16.8800000000,17.0000000000,17.2200000000,5148500,87686978.0000,2,1.629300,1,-1.277600,-173.985143,5.968628,5.877764,66.188782,0
2024-10-17,sh.603069,17.0300000000,17.2500000000,16.9400000000,17.1000000000,17.0000000000,5936289,101289556.0200,2,1.878600,1,0.588200,-175.008585,6.003738,5.912339,66.578128,0
2024-10-18,sh.603069,17.0600000000,17.4200000000,16.8600000000,17.2600000000,17.1000000000,7189980,123421227.2800,2,2.275300,1,0.935700,-176.646092,6.059913,5.967659,67.201081,0
2024-10-21,sh.603069,17.2300000000,17.3500000000,17.0300000000,17.1300000000,17.2600000000,7554501,129682720.1600,2,2.390700,1,-0.753200,-175.315618,6.014271,5.922712,66.694932,0
2024-10-22,sh.603069,17.0300000000,18.5300000000,16.9200000000,18.1400000000,17.1300000000,15015843,268419164.9400,2,4.751800,1,5.896100,-185.652382,6.368877,6.271920,70.627324,0
2024-10-23,sh.603069,18.2300000000,18.7700000000,18.0600000000,18.4600000000,18.1400000000,12622370,232234819.2000,2,3.994400,1,1.764100,-188.927397,6.481228,6.382560,71.873231,0
2024-10-24,sh.603069,18.2500000000,18.7700000000,18.1500000000,18.5000000000,18.4600000000,8817224,163366053.4000,2,2.790300,1,0.216700,-189.336773,6.495272,6.396390,72.028969,0
2024-10-25,sh.603069,18.4600000000,19.3700000000,18.4600000000,19.2700000000,18.5000000000,11804186,224527232.9600,2,3.735500,1,4.162200,-197.217277,6.765616,6.662618,75.026931,0
2024-10-28,sh.603069,19.2700000000,19.8800000000,19.2000000000,19.6800000000,19.2700000000,11382704,223042653.1500,2,3.602100,1,2.127700,-201.413389,6.909565,6.804376,76.623249,0
2024-10-29,sh.603069,19.5400000000,20.5700000000,18.9500000000,19.1300000000,19.6800000000,15895970,312499647.1000,2,5.030400,1,-2.794700,-184.511335,6.702896,6.901540,216.324588,0
2024-10-30,sh.603069,19.2300000000,20.0400000000,18.9700000000,19.7900000000,19.1300000000,14026750,275473804.0000,2,4.438800,1,3.450100,-190.877120,6.934151,7.139649,223.787955,0
2024-10-31,sh.603069,19.7300000000,21.1100000000,19.6100000000,20.3800000000,19.7900000000,17513900,358360647.9000,2,5.542400,1,2.981300,-196.567747,7.140879,7.352503,230.459754,0
2024-11-01,sh.603069,20.0200000000,20.3500000000,19.0600000000,19.2300000000,20.3800000000,12761600,248598792.0000,2,4.038500,1,-5.642800,-185.475848,6.737934,6.937617,217.455401,0
2024-11-04,sh.603069,18.8000000000,19.3900000000,18.7200000000,19.3100000000,19.2300000000,7163900,136980561.2400,2,2.267100,1,0.416000,-186.247458,6.765965,6.966479,218.360051,0
2024-11-05,sh.603069,19.3100000000,20.7000000000,19.1700000000,20.2800000000,19.3100000000,14412100,291865958.0000,2,4.560800,1,5.023300,-195.603234,7.105840,7.316426,229.328941,0
2024-11-06,sh.603069,20.0500000000,22.2000000000,19.9000000000,21.0900000000,20.2800000000,24749278,523137182.0000,2,7.832100,1,3.994100,-203.415789,7.389653,7.608650,238.488529,0
2024-11-07,sh.603069,21.1000000000,22.3900000000,20.8700000000,21.9900000000,21.0900000000,16210800,353121397.0000,2,5.130000,1,4.267400,-212.096406,7.705001,7.933344,248.665848,0
2024-11-08,sh.603069,22.0000000000,22.4100000000,21.3200000000,21.3900000000,21.9900000000,14616089,318846737.8000,2,4.625300,1,-2.728500,-206.309328,7.494769,7.716882,241.880968,0
2024-11-11,sh.603069,21.1200000000,21.3900000000,20.4500000000,20.8600000000,21.3900000000,13036389,269501348.4000,2,4.125400,1,-2.477800,-201.197409,7.309064,7.525673,235.887658,0
2024-11-12,sh.603069,21.2000000000,21.6700000000,20.5200000000,20.6800000000,20.8600000000,10862215,228445028.0000,2,3.437400,1,-0.862900,-199.461286,7.245995,7.460735,233.852194,0
2024-11-13,sh.603069,20.5700000000,20.9600000000,19.9000000000,20.4000000000,20.6800000000,8644431,175557489.0600,2,2.735600,1,-1.354000,-196.760650,7.147886,7.359719,230.685917,0
2024-11-14,sh.603069,20.2700000000,20.5200000000,19.8800000000,19.9000000000,20.4000000000,6317300,126589227.7500,2,1.999100,1,-2.451000,-191.938085,6.972693,7.179334,225.031850,0
2024-11-15,sh.603069,20.0400000000,20.6400000000,19.7200000000,19.7500000000,19.9000000000,8297199,167777963.2500,2,2.625700,1,-0.753800,-190.491315,6.920135,7.125218,223.335630,0
2024-11-18,sh.603069,19.7800000000,19.9100000000,18.9000000000,18.9900000000,19.7500000000,6974700,134293050.0000,2,2.207200,1,-3.848100,-183.161017,6.653841,6.851032,214.741449,0
2024-11-19,sh.603069,19.2600000000,19.7900000000,19.1000000000,19.7600000000,18.9900000000,6598900,128107573.0000,2,2.088300,1,4.054800,-190.587767,6.923639,7.128826,223.448711,0
2024-11-20,sh.603069,19.5600000000,20.1500000000,19.5600000000,19.9600000000,19.7600000000,6031400,120051621.0000,2,1.908700,1,1.012100,-192.516793,6.993716,7.200980,225.710338,0
2024-11-21,sh.603069,19.9700000000,20.4200000000,19.7900000000,19.9800000000,19.9600000000,5387999,108298241.8000,2,1.705100,1,0.100200,-192.709695,7.000724,7.208195,225.936501,0
2024-11-22,sh.603069,20.0000000000,20.0900000000,19.1000000000,19.1400000000,19.9800000000,5782599,113563649.8700,2,1.829900,1,-4.204200,-184.607786,6.706399,6.905148,216.437669,0
2024-11-25,sh.603069,19.5100000000,19.5100000000,18.9300000000,19.4000000000,19.1400000000,5050399,97005804.7700,2,1.598200,1,1.358400,-187.115520,6.797500,6.998948,219.377783,0
2024-11-26,sh.603069,19.3800000000,19.5900000000,19.1000000000,19.1600000000,19.4000000000,4148400,80216357.0000,2,1.312800,1,-1.237100,-184.800689,6.713407,6.912363,216.663832,0
2024-11-27,sh.603069,19.0100000000,19.3000000000,18.5300000000,19.3000000000,19.1600000000,6028328,114070320.9600,2,1.907700,1,0.730700,-186.151007,6.762461,6.962871,218.246970,0
2024-11-28,sh.603069,19.3000000000,20.8000000000,19.1300000000,20.1000000000,19.3000000000,12049165,242722020.4000,2,3.813000,1,4.145100,-193.867111,7.042770,7.251488,227.293477,0
2024-11-29,sh.603069,20.0000000000,20.2000000000,19.6600000000,20.1600000000,20.1000000000,7297500,145873038.0000,2,2.309300,1,0.298500,-194.445819,7.063794,7.273134,227.971965,0
2024-12-02,sh.603069,20.7900000000,22.1800000000,20.5600000000,22.1800000000,20.1600000000,16183242,354379243.1300,2,5.121300,1,10.019800,-213.928981,7.771575,8.001890,250.814394,0
2024-12-03,sh.603069,22.6200000000,23.5600000000,21.4300000000,21.7200000000,22.1800000000,30013246,669617441.6800,2,9.497900,1,-2.073900,-209.492221,7.610397,7.835936,245.612652,0
2024-12-04,sh.603069,21.2200000000,21.8000000000,20.8500000000,21.0300000000,21.7200000000,14915304,317797842.3800,2,4.720000,1,-3.176800,-202.837082,7.368630,7.587004,237.810041,0
2024-12-05,sh.603069,20.7000000000,21.5000000000,20.4200000000,21.1200000000,21.0300000000,11903700,250870256.0000,2,3.767000,1,0.428000,-203.705143,7.400165,7.619474,238.827773,0
2024-12-06,sh.603069,21.0800000000,21.1800000000,20.5600000000,20.7800000000,21.1200000000,9049228,188278648.8800,2,2.863700,1,-1.609800,-200.425799,7.281033,7.496812,234.983007,0
2024-12-09,sh.603069,20.4000000000,20.6600000000,20.0200000000,20.2800000000,20.7800000000,7887900,160469591.0000,2,2.496200,1,-2.406200,-195.603234,7.105840,7.316426,229.328941,0
2024-12-10,sh.603069,20.8000000000,21.0700000000,20.1700000000,20.4000000000,20.2800000000,9810573,201817466.3900,2,3.104600,1,0.591700,-196.760650,7.147886,7.359719,230.685917,0
2024-12-11,sh.603069,20.4000000000,21.2700000000,20.1800000000,21.1400000000,20.4000000000,12565431,261658723.4900,2,3.976400,1,3.627500,-203.898046,7.407173,7.626689,239.053935,0
2024-12-12,sh.603069,21.0000000000,21.4200000000,20.8300000000,21.1400000000,21.1400000000,10822100,228402853.3800,2,3.424700,1,0.000000,-203.898046,7.407173,7.626689,239.053935,0
2024-12-13,sh.603069,21.0000000000,21.9500000000,21.0000000000,21.3800000000,21.1400000000,14188774,304933816.3600,2,4.490100,1,1.135300,-206.212877,7.491265,7.713274,241.767887,0
2024-12-16,sh.603069,21.2600000000,21.9500000000,21.1200000000,21.6900000000,21.3800000000,13055300,281398910.0000,2,4.131400,1,1.450000,-209.202867,7.599885,7.825113,245.273408,0
2024-12-17,sh.603069,21.5000000000,21.5000000000,20.2400000000,20.3000000000,21.6900000000,11426300,236543748.0000,2,3.615900,1,-6.408500,-195.796137,7.112848,7.323642,229.555103,0
2024-12-18,sh.603069,20.6700000000,20.7000000000,19.9000000000,20.2300000000,20.3000000000,7583004,153889392.0800,2,2.399700,1,-0.344800,-195.120978,7.088321,7.298388,228.763534,0
2024-12-19,sh.603069,19.8000000000,20.2000000000,19.5300000000,19.9300000000,20.2300000000,6575400,130256354.0000,2,2.080800,1,-1.482900,-192.227439,6.983205,7.190157,225.371094,0
2024-12-20,sh.603069,20.0000000000,21.1000000000,19.9300000000,20.5400000000,19.9300000000,8026800,165195325.0200,2,2.540100,1,3.060700,-198.110968,7.196941,7.410227,232.269055,0
2024-12-23,sh.603069,20.3400000000,20.4700000000,19.4900000000,19.5100000000,20.5400000000,7177042,142263866.6000,2,2.271200,1,-5.014600,-188.176484,6.836042,7.038633,220.621678,0
2024-12-24,sh.603069,19.5000000000,19.6900000000,18.6700000000,19.0100000000,19.5100000000,7595263,145292679.0200,2,2.403600,1,-2.562800,-183.353919,6.660849,6.858248,214.967612,0
2024-12-25,sh.603069,19.1000000000,19.1000000000,18.0200000000,18.4300000000,19.0100000000,6973895,128291496.0700,2,2.206900,1,-3.051000,-177.759744,6.457625,6.649001,208.408894,0
2024-12-26,sh.603069,18.4400000000,18.8600000000,18.4400000000,18.5700000000,18.4300000000,4190500,78120763.0000,2,1.326100,1,0.759600,-179.110062,6.506679,6.699509,209.992033,0
2024-12-27,sh.603069,18.4800000000,19.2900000000,18.4300000000,18.9700000000,18.5700000000,6527000,123707543.0000,2,2.065500,1,2.154000,-182.968114,6.646834,6.843817,214.515286,0
2024-12-30,sh.603069,18.8000000000,18.8000000000,18.2500000000,18.3000000000,18.9700000000,5512100,101343346.0000,2,1.744300,1,-3.531900,-176.505877,6.412075,6.602101,206.938837,0
2024-12-31,sh.603069,18.5200000000,18.8600000000,18.2100000000,18.2600000000,18.3000000000,6348272,117563586.2800,2,2.008900,1,-0.218600,-176.120072,6.398059,6.587670,206.486512,0
2025-01-02,sh.603069,18.2000000000,18.5800000000,17.6400000000,17.7300000000,18.2600000000,6036900,109228709.0000,2,1.910400,1,-2.902500,-171.008153,6.212354,6.396461,200.493201,0
2025-01-03,sh.603069,17.8000000000,17.8500000000,16.9900000000,17.0700000000,17.7300000000,5288400,91900186.0000,2,1.673500,1,-3.722500,-164.642367,5.981099,6.158353,193.029833,0
2025-01-06,sh.603069,17.0800000000,17.1500000000,16.6600000000,16.7500000000,17.0700000000,4449836,75148668.7600,2,1.408200,1,-1.874600,-161.555926,5.868975,6.042906,189.411231,0
2025-01-07,sh.603069,16.7600000000,16.9000000000,16.6000000000,16.9000000000,16.7500000000,3475500,58236309.0000,2,1.099800,1,0.895500,-163.002695,5.921533,6.097022,191.107451,0
2025-01-08,sh.603069,16.8600000000,16.9500000000,16.2900000000,16.8300000000,16.9000000000,4017300,66913575.0000,2,1.271300,1,-0.414200,-162.327536,5.897006,6.071768,190.315881,0
2025-01-09,sh.603069,16.7000000000,16.9700000000,16.6100000000,16.8800000000,16.8300000000,3314500,55870829.0000,2,1.048900,1,0.297100,-162.809793,5.914526,6.089807,190.881288,0
2025-01-10,sh.603069,16.9000000000,16.9700000000,16.4500000000,16.4600000000,16.8800000000,3191300,53421593.0000,2,1.009900,1,-2.488200,-158.758838,5.767363,5.938283,186.131872,0
2025-01-13,sh.603069,16.2000000000,16.4100000000,15.9100000000,16.3700000000,16.4600000000,3163773,51374947.3600,2,1.001200,1,-0.546800,-157.890776,5.735829,5.905814,185.114140,0
2025-01-14,sh.603069,16.4200000000,16.9200000000,16.4000000000,16.9000000000,16.3700000000,4436100,74214414.0000,2,1.403800,1,3.237600,-163.002695,5.921533,6.097022,191.107451,0
2025-01-15,sh.603069,16.9300000000,17.1400000000,16.7500000000,16.9500000000,16.9000000000,4015990,67966817.3000,2,1.270900,1,0.295900,-163.484952,5.939053,6.115060,191.672857,0
2025-01-16,sh.603069,16.9200000000,18.6500000000,16.8200000000,18.6500000000,16.9500000000,9249855,162656683.7200,2,2.927200,1,10.029500,-179.881672,6.534710,6.728370,210.896684,0
2025-01-17,sh.603069,18.2000000000,20.4700000000,18.1100000000,18.9200000000,18.6500000000,17344356,331215951.6400,2,5.488700,1,1.447700,-182.485858,6.629314,6.825778,213.949880,0
2025-01-20,sh.603069,18.7300000000,19.0400000000,18.4100000000,18.5000000000,18.9200000000,9032529,169060122.6500,2,2.858400,1,-2.219900,-178.434903,6.482152,6.674255,209.200464,0
2025-01-21,sh.603069,18.7800000000,19.0900000000,18.3500000000,18.4100000000,18.5000000000,5389600,100095455.0000,2,1.705600,1,-0.486500,-177.566841,6.450617,6.641785,208.182732,0
2025-01-22,sh.603069,18.3100000000,18.4700000000,17.9400000000,18.0400000000,18.4100000000,4887700,88570448.0000,2,1.546700,1,-2.009800,-173.998143,6.320974,6.508300,203.998722,0
2025-01-23,sh.603069,18.1000000000,18.3300000000,17.8600000000,17.8700000000,18.0400000000,5340000,96875221.0000,2,1.689900,1,-0.942400,-172.358471,6.261408,6.446969,202.076340,0
2025-01-24,sh.603069,17.9000000000,17.9900000000,17.6600000000,17.7600000000,17.8700000000,4068700,72439398.0000,2,1.287600,1,-0.615600,-171.297507,6.222866,6.407285,200.832445,0
2025-01-27,sh.603069,17.6800000000,18.0000000000,17.4900000000,17.5700000000,17.7600000000,4367100,77502159.0000,2,1.382000,1,-1.069800,-169.464932,6.156292,6.338738,198.683900,0
2025-02-05,sh.603069,17.6600000000,17.7700000000,17.4200000000,17.7600000000,17.5700000000,3978806,70063209.8200,2,1.259100,1,1.081400,-171.297507,6.222866,6.407285,200.832445,0
2025-02-06,sh.603069,17.6300000000,18.1100000000,17.5700000000,18.1100000000,17.7600000000,5570066,99626282.9800,2,1.762700,1,1.970700,-174.673302,6.345501,6.533554,204.790292,0
2025-02-07,sh.603069,17.9700000000,18.7600000000,17.9200000000,18.2200000000,18.1100000000,6896235,126753432.6000,2,2.182400,1,0.607400,-175.734267,6.384044,6.573239,206.034186,0
2025-02-10,sh.603069,18.2900000000,18.3800000000,18.0500000000,18.2800000000,18.2200000000,5159965,93843590.4000,2,1.632900,1,0.329300,-176.312974,6.405067,6.594885,206.712674,0
2025-02-11,sh.603069,18.2500000000,18.5600000000,18.0600000000,18.1000000000,18.2800000000,4559300,83092167.0000,2,1.442800,1,-0.984700,-174.576851,6.341997,6.529947,204.677210,0
2025-02-12,sh.603069,18.1000000000,18.4600000000,17.9500000000,18.4000000000,18.1000000000,5674000,103362808.0000,2,1.795600,1,1.657500,-177.470390,6.447113,6.638178,208.069650,0
2025-02-13,sh.603069,18.4000000000,19.2300000000,18.2700000000,18.6600000000,18.4000000000,8901080,166242619.7000,2,2.816800,1,1.413000,-179.978124,6.538214,6.731978,211.009765,0
2025-02-14,sh.603069,18.4800000000,18.4900000000,18.0600000000,18.0700000000,18.6600000000,6342509,115373045.9800,2,2.007100,1,-3.161800,-174.287497,6.331486,6.519123,204.337966,0
2025-02-17,sh.603069,18.1100000000,18.2400000000,17.9800000000,18.1200000000,18.0700000000,3700000,66875348.0000,2,1.170900,1,0.276700,-174.769754,6.349005,6.537162,204.903373,0
2025-02-18,sh.603069,18.0600000000,18.2100000000,17.5000000000,17.5400000000,18.1200000000,4805400,85435845.0000,2,1.520700,1,-3.200900,-169.175578,6.145781,6.327915,198.344656,0
2025-02-19,sh.603069,17.9500000000,18.1000000000,17.7700000000,17.8800000000,17.5400000000,3903500,69897083.0000,2,1.235300,1,1.938400,-172.454922,6.264912,6.450577,202.189421,0
2025-02-20,sh.603069,17.8000000000,18.1400000000,17.7500000000,17.7800000000,17.8800000000,3605400,64647865.0000,2,1.140900,1,-0.559300,-171.490409,6.229874,6.414500,201.058608,0
2025-02-21,sh.603069,17.9400000000,18.1500000000,17.7700000000,18.0600000000,17.7800000000,5093370,91453564.6000,2,1.611800,1,1.574800,-174.191046,6.327982,6.515516,204.224885,0
2025-02-24,sh.603069,18.1400000000,18.4400000000,17.8500000000,18.4200000000,18.0600000000,6548370,119287084.9000,2,2.072300,1,1.993400,-177.663293,6.454121,6.645393,208.295813,0
2025-02-25,sh.603069,18.4000000000,18.4200000000,17.9900000000,18.0500000000,18.4200000000,4112029,74877789.5400,2,1.301300,1,-2.008700,-174.094594,6.324478,6.511908,204.111804,0
2025-02-26,sh.603069,18.1000000000,18.3400000000,18.0000000000,18.1800000000,18.0500000000,4170100,75769707.0000,2,1.319700,1,0.720200,-175.348461,6.370028,6.558808,205.581861,0
2025-02-27,sh.603069,18.1400000000,19.2900000000,18.1400000000,19.0100000000,18.1800000000,15188276,288340168.1700,2,4.806400,1,4.565500,-183.353919,6.660849,6.858248,214.967612,0
2025-02-28,sh.603069,18.8100000000,18.8200000000,18.0800000000,18.1500000000,19.0100000000,8246570,151703922.1000,2,2.609700,1,-4.523900,-175.059107,6.359517,6.547985,205.242617,0
2025-03-03,sh.603069,18.1500000000,18.5600000000,17.9000000000,18.0100000000,18.1500000000,5634100,102726415.0000,2,1.782900,1,-0.771300,-173.708789,6.310463,6.497477,203.659478,0
2025-03-04,sh.603069,17.9100000000,18.0800000000,17.8000000000,18.0500000000,18.0100000000,3463700,62114866.0000,2,1.096100,1,0.222100,-174.094594,6.324478,6.511908,204.111804,0
2025-03-05,sh.603069,18.0700000000,18.8800000000,17.7800000000,18.7700000000,18.0500000000,8691500,160064537.0000,2,2.750500,1,3.988900,-181.039088,6.576756,6.771663,212.253660,0
2025-03-06,sh.603069,18.7700000000,19.1800000000,18.5800000000,18.8000000000,18.7700000000,7305300,137476940.0000,2,2.311800,1,0.159800,-181.328442,6.587268,6.782486,212.592904,0
2025-03-07,sh.603069,18.7300000000,18.7400000000,18.4400000000,18.5300000000,18.8000000000,4470199,82936450.5000,2,1.414600,1,-1.436200,-178.724257,6.492664,6.685078,209.539708,0
2025-03-10,sh.603069,18.4500000000,18.9700000000,18.3700000000,18.6100000000,18.5300000000,5433400,101073357.0000,2,1.719400,1,0.431700,-179.495867,6.520694,6.713940,210.444358,0
2025-03-11,sh.603069,18.3100000000,18.7500000000,18.3100000000,18.7300000000,18.6100000000,4216855,78227251.8000,2,1.334400,1,0.644800,-180.653283,6.562741,6.757232,211.801334,0
2025-03-12,sh.603069,18.7300000000,19.2000000000,18.5200000000,18.6500000000,18.7300000000,6388200,119809797.0000,2,2.021600,1,-0.427100,-179.881672,6.534710,6.728370,210.896684,0
2025-03-13,sh.603069,18.5900000000,18.9900000000,18.2100000000,18.4700000000,18.6500000000,5467200,100891025.7100,2,1.730100,1,-0.965100,-178.145549,6.471640,6.663432,208.861220,0
2025-03-14,sh.603069,18.5900000000,18.8500000000,18.4400000000,18.8200000000,18.4700000000,5908268,110462568.4100,2,1.869700,1,1.895000,-181.521345,6.594276,6.789701,212.819066,0
2025-03-17,sh.603069,19.0000000000,19.5600000000,18.8800000000,19.3600000000,18.8200000000,10635700,204434821.0000,2,3.365700,1,2.869300,-186.729715,6.783484,6.984517,218.925458,0
2025-03-18,sh.603069,19.2700000000,19.4600000000,19.0500000000,19.1100000000,19.3600000000,5630004,108155012.3500,2,1.781600,1,-1.291300,-184.318432,6.695888,6.894325,216.098425,0
2025-03-19,sh.603069,19.1500000000,19.6800000000,19.0100000000,19.5400000000,19.1100000000,8639809,167979951.3200,2,2.734100,1,2.250100,-188.465838,6.846554,7.049456,220.960922,0
2025-03-20,sh.603069,19.4800000000,19.9500000000,19.2600000000,19.3700000000,19.5400000000,6936209,135399806.8600,2,2.195000,1,-0.870000,-186.826166,6.786988,6.988125,219.038539,0
2025-03-21,sh.603069,19.2600000000,19.8300000000,19.0000000000,19.4000000000,19.3700000000,9193258,178880201.1600,2,2.909300,1,0.154900,-187.115520,6.797500,6.998948,219.377783,0
2025-03-24,sh.603069,19.4000000000,19.4800000000,18.3000000000,18.7800000000,19.4000000000,10069407,188548873.9700,2,3.186500,1,-3.195900,-181.135539,6.580260,6.775271,212.366741,0
2025-03-25,sh.603069,18.6900000000,19.0100000000,18.2400000000,18.2800000000,18.7800000000,5700700,105559300.0000,2,1.804000,1,-2.662400,-176.312974,6.405067,6.594885,206.712674,0
2025-03-26,sh.603069,18.3100000000,18.7200000000,18.1800000000,18.5000000000,18.2800000000,4644900,86071502.0000,2,1.469900,1,1.203500,-178.434903,6.482152,6.674255,209.200464,0
2025-03-27,sh.603069,18.6000000000,18.6800000000,18.3200000000,18.4800000000,18.5000000000,3936800,72930160.0000,2,1.245800,1,-0.108100,-178.242000,6.475144,6.667039,208.974301,0
2025-03-28,sh.603069,18.4500000000,18.5500000000,18.0100000000,18.0100000000,18.4800000000,3770141,68678938.4300,2,1.193100,1,-2.543300,-173.708789,6.310463,6.497477,203.659478,0
2025-03-31,sh.603069,17.7100000000,17.8100000000,17.0400000000,17.3600000000,18.0100000000,6035200,104491079.0000,2,1.909900,1,-3.609100,-167.439455,6.082711,6.262976,196.309192,0
2025-04-01,sh.603069,17.2500000000,17.5100000000,17.2000000000,17.2600000000,17.3600000000,3727400,64676521.0000,2,1.179600,1,-0.576000,-166.474942,6.047673,6.226899,195.178378,0
2025-04-02,sh.603069,17.2000000000,17.4200000000,17.1400000000,17.2000000000,17.2600000000,2719300,47019587.0000,2,0.860500,1,-0.347600,-165.896234,6.026649,6.205253,194.499890,0
2025-04-03,sh.603069,17.1000000000,17.5200000000,17.0500000000,17.4200000000,17.2000000000,3899900,67731248.0000,2,1.234100,1,1.279100,-168.018163,6.103734,6.284623,196.987680,0
2025-04-07,sh.603069,16.6000000000,16.6800000000,15.6800000000,15.6800000000,17.4200000000,5556893,88605848.9600,2,1.758500,1,-9.988500,-151.235637,5.494062,5.656882,177.311528,0
2025-04-08,sh.603069,15.6800000000,16.5000000000,15.2400000000,16.4800000000,15.6800000000,8691351,138739429.4600,2,2.750400,1,5.102000,-158.951741,5.774371,5.945498,186.358035,0
2025-04-09,sh.603069,16.2000000000,18.1300000000,15.7000000000,18.1300000000,16.4800000000,13826715,233709435.5400,2,4.375500,1,10.012100,-174.866205,6.352509,6.540770,205.016454,0
2025-04-10,sh.603069,18.6500000000,19.8800000000,18.2900000000,19.5400000000,18.1300000000,29420133,566053543.2900,2,9.310200,1,7.777200,-188.465838,6.846554,7.049456,220.960922,0
2025-04-11,sh.603069,19.0100000000,19.6800000000,19.0000000000,19.1100000000,19.5400000000,18160600,350373049.0000,2,5.747000,1,-2.200600,-184.318432,6.695888,6.894325,216.098425,0
2025-04-14,sh.603069,19.4000000000,21.0200000000,19.4000000000,21.0200000000,19.1100000000,22489275,456318649.5000,2,7.116900,1,9.994800,-202.740630,7.365126,7.583396,237.696959,0
2025-04-15,sh.603069,21.0000000000,21.0000000000,19.1700000000,19.3700000000,21.0200000000,26407075,527078946.5000,2,8.356700,1,-7.849700,-186.826166,6.786988,6.988125,219.038539,0
2025-04-16,sh.603069,19.2300000000,19.6200000000,18.4400000000,18.8200000000,19.3700000000,17547663,331723863.1000,2,5.553100,1,-2.839400,-181.521345,6.594276,6.789701,212.819066,0
2025-04-17,sh.603069,18.6400000000,19.3200000000,18.4000000000,18.7200000000,18.8200000000,11790000,222229877.0000,2,3.731000,1,-0.531300,-180.556832,6.559237,6.753624,211.688253,0
2025-04-18,sh.603069,18.8000000000,18.9600000000,18.4000000000,18.5000000000,18.7200000000,7905142,147262828.7200,2,2.501600,1,-1.175200,-178.434903,6.482152,6.674255,209.200464,0
2025-04-21,sh.603069,18.0000000000,18.3700000000,18.0000000000,18.2000000000,18.5000000000,8108171,147332233.0700,2,2.565900,1,-1.621600,-175.541364,6.377036,6.566024,205.808024,0
2025-04-22,sh.603069,18.3900000000,19.5700000000,18.3200000000,19.0300000000,18.2000000000,17041617,323759798.4500,2,5.392900,1,4.560400,-183.546822,6.667857,6.865463,215.193774,0
2025-04-23,sh.603069,18.8100000000,19.8900000000,18.8100000000,19.1000000000,19.0300000000,11769100,225870673.0000,2,3.724400,1,0.367800,-184.221981,6.692384,6.890717,215.985344,0
2025-04-24,sh.603069,19.1600000000,19.3800000000,18.8000000000,18.8400000000,19.1000000000,8051100,153528419.0000,2,2.547800,1,-1.361300,-181.714247,6.601283,6.796917,213.045229,0
2025-04-25,sh.603069,18.8600000000,18.9700000000,17.4400000000,18.0500000000,18.8400000000,16471400,297345350.2500,2,5.212500,1,-4.193200,-174.094594,6.324478,6.511908,204.111804,0
2025-04-28,sh.603069,18.5800000000,18.7700000000,17.5000000000,17.5200000000,18.0500000000,10996800,197798264.0000,2,3.480000,1,-2.936300,-168.982676,6.138773,6.320700,198.118493,0
2025-04-29,sh.603069,17.5300000000,17.9500000000,17.1100000000,17.8800000000,17.5200000000,6984545,123316397.6000,2,2.210300,1,2.054800,-57.833141,6.967609,6.747463,-70.097575,0
2025-04-30,sh.603069,17.8800000000,18.3100000000,17.7800000000,17.9400000000,17.8800000000,6263500,113286357.0000,2,1.982100,1,0.335600,-52.420093,7.169594,7.289527,-196.041125,0
2025-05-06,sh.603069,18.0500000000,18.1500000000,17.6500000000,18.1300000000,17.9400000000,5475500,98304702.0000,2,1.732800,1,1.059100,-52.975266,7.245526,7.366729,-198.117369,0
2025-05-07,sh.603069,18.2300000000,18.4300000000,18.0800000000,18.2200000000,18.1300000000,5932500,108154494.0000,2,1.877400,1,0.496400,-53.238244,7.281494,7.403299,-199.100853,0
2025-05-08,sh.603069,18.1300000000,18.3500000000,18.0800000000,18.3500000000,18.2200000000,5500400,100411771.0000,2,1.740600,1,0.713500,-53.618099,7.333448,7.456121,-200.521441,0
2025-05-09,sh.603069,18.4000000000,18.4000000000,17.9300000000,18.2000000000,18.3500000000,5921700,107164826.0000,2,1.874000,1,-0.817400,-53.179804,7.273501,7.395172,-198.882301,0
2025-05-12,sh.603069,18.2400000000,18.2900000000,17.9900000000,18.0400000000,18.2000000000,4995200,90335304.0000,2,1.580800,1,-0.879100,-52.712289,7.209558,7.330159,-197.133885,0
2025-05-13,sh.603069,18.1900000000,18.1900000000,17.8600000000,17.9300000000,18.0400000000,3400868,61219889.4900,2,1.076200,1,-0.609800,-52.390873,7.165598,7.285463,-195.931849,0
2025-05-14,sh.603069,18.0000000000,18.0500000000,17.7600000000,18.0300000000,17.9300000000,3645900,65417944.0000,2,1.153800,1,0.557700,-52.683070,7.205562,7.326096,-197.024609,0
2025-05-15,sh.603069,18.0300000000,18.2800000000,17.8300000000,17.9700000000,18.0300000000,4002800,72234250.0000,2,1.266700,1,-0.332800,-52.507752,7.181583,7.301716,-196.368953,0
2025-05-16,sh.603069,18.0300000000,18.4900000000,17.8200000000,18.4100000000,17.9700000000,6190600,112703264.0000,2,1.959100,1,2.448500,-53.793417,7.357426,7.480501,-201.177097,0
2025-05-19,sh.603069,18.3100000000,18.7600000000,18.2800000000,18.5700000000,18.4100000000,7330300,136149590.0000,2,2.319700,1,0.869100,-54.260932,7.421369,7.545513,-202.925513,0
2025-05-20,sh.603069,18.5700000000,18.7400000000,18.3900000000,18.6500000000,18.5700000000,5343800,98906905.0000,2,1.691100,1,0.430800,-54.494689,7.453341,7.578020,-203.799720,0
2025-05-21,sh.603069,18.7800000000,18.9800000000,18.3000000000,18.6500000000,18.6500000000,5182200,96306920.0000,2,1.639900,1,0.000000,-54.494689,7.453341,7.578020,-203.799720,0
2025-05-22,sh.603069,18.5900000000,19.3400000000,18.4100000000,18.5200000000,18.6500000000,9705300,182859646.0000,2,3.071300,1,-0.697100,-54.114834,7.401387,7.525197,-202.379133,0
2025-05-23,sh.603069,18.6000000000,18.6500000000,18.1000000000,18.1700000000,18.5200000000,5063200,92616738.0000,2,1.602300,1,-1.889800,-53.092145,7.261512,7.382982,-198.554473,0
2025-05-26,sh.603069,18.1700000000,18.3500000000,18.0600000000,18.1800000000,18.1700000000,3062884,55679735.2400,2,0.969300,1,0.055000,-53.121365,7.265508,7.387045,-198.663749,0
2025-05-27,sh.603069,18.1400000000,18.3000000000,18.0000000000,18.1900000000,18.1800000000,2970500,53847155.0000,2,0.940000,1,0.055000,-53.150585,7.269505,7.391109,-198.773025,0
2025-05-28,sh.603069,18.2400000000,18.4200000000,18.0700000000,18.1100000000,18.1900000000,3820939,69766858.7500,2,1.209200,1,-0.439800,-52.916827,7.237533,7.358602,-197.898817,0
2025-05-29,sh.603069,18.1200000000,19.0000000000,18.0300000000,18.8400000000,18.1100000000,9777494,182377174.8000,2,3.094100,1,4.030900,-55.049863,7.529273,7.655222,-205.875964,0
2025-05-30,sh.603069,19.0000000000,19.4500000000,18.5800000000,18.8400000000,18.8400000000,10223400,194338339.8900,2,3.235300,1,0.000000,-55.049863,7.529273,7.655222,-205.875964,0
2025-06-03,sh.603069,18.5300000000,19.1500000000,18.5300000000,18.8400000000,18.8400000000,5806800,109431055.0000,2,1.837600,1,0.000000,-55.049863,7.529273,7.655222,-205.875964,0
2025-06-04,sh.603069,18.8400000000,19.5600000000,18.7500000000,19.2900000000,18.8400000000,8936994,171589298.6600,2,2.828200,1,2.388500,-56.364748,7.709112,7.838070,-210.793384,0
2025-06-05,sh.603069,19.2300000000,19.3400000000,18.6100000000,18.6800000000,19.2900000000,6740100,127135849.0000,2,2.132900,1,-3.162300,-54.582348,7.465330,7.590209,-204.127548,0
2025-06-06,sh.603069,18.8200000000,19.6000000000,18.8100000000,19.1400000000,18.6800000000,14837100,285743500.0000,2,4.695300,1,2.462500,-55.926453,7.649166,7.777120,-209.154244,0
2025-06-09,sh.603069,18.8800000000,19.1400000000,18.7100000000,18.9900000000,19.1400000000,6349054,119992876.1400,2,2.009200,1,-0.783700,-55.488158,7.589219,7.716171,-207.515104,0
2025-06-10,sh.603069,18.9500000000,19.4400000000,18.8500000000,19.2900000000,18.9900000000,9508435,182285670.1500,2,3.009000,1,1.579800,-56.364748,7.709112,7.838070,-210.793384,0
2025-06-11,sh.603069,19.2000000000,20.1800000000,19.2000000000,19.7300000000,19.2900000000,11366500,223951528.0000,2,3.597000,1,2.281000,-57.650414,7.884955,8.016854,-215.601527,0
2025-06-12,sh.603069,19.5900000000,19.7700000000,19.1600000000,19.2000000000,19.7300000000,9612800,186700700.8000,2,3.042000,1,-2.686300,-56.101771,7.673144,7.801500,-209.809900,0
2025-06-13,sh.603069,19.1000000000,19.2900000000,18.8400000000,18.9000000000,19.2000000000,7656300,145594550.0000,2,2.422900,1,-1.562500,-55.225181,7.553251,7.679602,-206.531620,0
2025-06-16,sh.603069,18.7800000000,18.9500000000,18.6600000000,18.8500000000,18.9000000000,4503000,84654420.3000,2,1.425000,1,-0.264600,-55.079083,7.533269,7.659285,-205.985240,0
2025-06-17,sh.603069,18.8800000000,19.5300000000,18.7200000000,19.4900000000,18.8500000000,8078655,155112351.3500,2,2.556500,1,3.395200,-56.949142,7.789041,7.919335,-212.978904,0
2025-06-18,sh.603069,19.4800000000,21.4400000000,19.2900000000,20.8100000000,19.4900000000,29486460,609852124.0300,2,9.331200,1,6.772700,-60.806139,8.316569,8.455688,-227.403334,0
2025-06-19,sh.603069,21.0000000000,21.0900000000,20.3800000000,20.3800000000,20.8100000000,14523810,299151255.8500,2,4.596100,1,-2.066300,-59.549693,8.144723,8.280967,-222.704467,0
2025-06-20,sh.603069,20.3900000000,22.3900000000,20.2000000000,21.4300000000,20.3800000000,21209145,458187619.8500,2,6.711800,1,5.152100,-62.617758,8.564348,8.707612,-234.178446,0
2025-06-23,sh.603069,21.0000000000,21.5200000000,21.0000000000,21.2100000000,21.4300000000,10815200,229316409.0000,2,3.422500,1,-1.026600,-61.974926,8.476427,8.618220,-231.774374,0
2025-06-24,sh.603069,21.6500000000,22.1600000000,21.3400000000,21.5900000000,21.2100000000,16042500,349934990.0000,2,5.076700,1,1.791600,-63.085273,8.628291,8.772624,-235.926861,0
2025-06-25,sh.603069,21.4800000000,22.0100000000,20.8800000000,21.2600000000,21.5900000000,15518300,329488520.0000,2,4.910900,1,-1.528500,-62.121024,8.496409,8.638536,-232.320754,0
2025-06-26,sh.603069,21.0500000000,21.6500000000,20.7200000000,21.0500000000,21.2600000000,11928200,251800137.0000,2,3.774700,1,-0.987800,-61.507411,8.412484,8.553207,-230.025958,0
2025-06-27,sh.603069,21.0200000000,21.5000000000,20.9000000000,21.0100000000,21.0500000000,7857988,166096678.1200,2,2.486700,1,-0.190000,-61.390532,8.396498,8.536954,-229.588854,0
2025-06-30,sh.603069,20.9400000000,21.7300000000,20.9000000000,21.3700000000,21.0100000000,9628507,206049620.4900,2,3.047000,1,1.713500,-62.442440,8.540369,8.683232,-233.522790,0
2025-07-01,sh.603069,21.1800000000,21.4500000000,20.5900000000,20.7000000000,21.3700000000,9654400,201090038.0000,2,3.055200,1,-3.135200,-60.484722,8.272609,8.410992,-226.201298,0
2025-07-02,sh.603069,20.7000000000,20.8500000000,20.4700000000,20.5500000000,20.7000000000,5390200,111235145.0000,2,1.705800,1,-0.724600,-60.046427,8.212662,8.350043,-224.562158,0
2025-07-03,sh.603069,20.5600000000,21.1300000000,20.4500000000,20.8800000000,20.5500000000,6906900,143694487.0000,2,2.185700,1,1.605800,-61.010676,8.344544,8.484131,-228.168266,0
2025-07-04,sh.603069,21.0500000000,22.9600000000,20.8200000000,21.6800000000,20.8800000000,19106011,418276425.5500,2,6.046200,1,3.831400,-63.348250,8.664259,8.809194,-236.910345,0
2025-07-07,sh.603069,21.4900000000,21.7400000000,20.9600000000,21.2300000000,21.6800000000,11182600,238173435.0000,2,3.538800,1,-2.075600,-62.033365,8.484419,8.626346,-231.992926,0
2025-07-08,sh.603069,21.1400000000,21.6300000000,21.0100000000,21.4400000000,21.2300000000,7801611,166498606.7400,2,2.468900,1,0.989200,-62.646978,8.568344,8.711675,-234.287722,0
2025-07-09,sh.603069,21.3800000000,21.8100000000,21.1200000000,21.2000000000,21.4400000000,6596311,141141298.6400,2,2.087400,1,-1.119400,-61.945706,8.472430,8.614156,-231.665098,0
2025-07-10,sh.603069,21.1500000000,21.3700000000,20.8000000000,21.1000000000,21.2000000000,7760500,163866797.0000,2,2.455900,1,-0.471700,-61.653509,8.432466,8.573524,-230.572338,0
2025-07-11,sh.603069,21.0300000000,21.3700000000,20.7700000000,20.9500000000,21.1000000000,6312800,132679546.0000,2,1.997700,1,-0.710900,-61.215214,8.372519,8.512574,-228.933198,0
2025-07-14,sh.603069,20.9800000000,21.6300000000,20.9600000000,21.1700000000,20.9500000000,7262811,154309916.6500,2,2.298400,1,1.050100,-61.858047,8.460441,8.601966,-231.337270,0
2025-07-15,sh.603069,21.0000000000,21.2000000000,20.1500000000,20.5500000000,21.1700000000,10590400,217554037.0000,2,3.351400,1,-2.928700,-60.046427,8.212662,8.350043,-224.562158,0
2025-07-16,sh.603069,20.5500000000,21.3700000000,20.3500000000,20.8100000000,20.5500000000,9826500,205188097.0000,2,3.109700,1,1.265200,-60.806139,8.316569,8.455688,-227.403334,0
2025-07-17,sh.603069,20.9100000000,22.3300000000,20.7600000000,22.1600000000,20.8100000000,19955773,434210025.3400,2,6.315100,1,6.487300,-64.750795,8.856087,9.004231,-242.155593,0
2025-07-18,sh.603069,22.5900000000,22.8500000000,22.0500000000,22.8000000000,22.1600000000,16092400,362851661.0000,2,5.092500,1,2.888100,-66.620854,9.111859,9.264281,-249.149256,0
2025-07-21,sh.603069,22.8400000000,24.0500000000,22.0000000000,22.5200000000,22.8000000000,30076788,692095746.1500,2,9.518000,1,-1.228100,-65.802703,8.999959,9.150509,-246.089528,0
2025-07-22,sh.603069,22.8000000000,23.6900000000,22.3000000000,23.5200000000,22.5200000000,30184600,696554278.0100,2,9.552100,1,4.440500,-68.724670,9.399602,9.556838,-257.017127,0
2025-07-23,sh.603069,23.4700000000,24.5000000000,21.4700000000,21.5700000000,23.5200000000,32087335,731378546.4800,2,10.154200,1,-8.290800,-63.026834,8.620298,8.764498,-235.708309,0
2025-07-24,sh.603069,21.3600000000,23.7300000000,21.2500000000,23.7300000000,21.5700000000,29018652,668781990.7900,2,9.183100,1,10.013900,-69.338283,9.483527,9.642167,-259.311923,0
2025-07-25,sh.603069,24.7700000000,24.7700000000,22.8000000000,22.8300000000,23.7300000000,37942390,895030247.6300,2,12.007100,1,-3.792700,-66.708513,9.123848,9.276471,-249.477084,0
2025-07-28,sh.603069,22.7200000000,22.8300000000,21.8900000000,22.0200000000,22.8300000000,16918652,374452938.6800,2,5.354000,1,-3.548000,-64.341719,8.800137,8.947345,-240.625729,0
2025-07-29,sh.603069,21.9100000000,22.2400000000,21.8300000000,22.1300000000,22.0200000000,11944900,263089033.0000,2,3.780000,1,0.499500,-64.663136,8.844098,8.992041,-241.827765,0
2025-07-30,sh.603069,22.0700000000,22.3200000000,21.6300000000,21.9700000000,22.1300000000,12253800,269169483.0000,2,3.877800,1,-0.723000,-64.195621,8.780155,8.927029,-240.079349,0
2025-07-31,sh.603069,21.9100000000,21.9300000000,21.0700000000,21.1600000000,21.9700000000,11729100,251009253.0000,2,3.711700,1,-3.686800,-61.828827,8.456444,8.597903,-231.227994,0
2025-08-01,sh.603069,20.9600000000,21.2600000000,20.8000000000,20.9400000000,21.1600000000,6341900,132721263.0000,2,2.006900,1,-1.039700,-61.185994,8.368523,8.508511,-228.823922,0
2025-08-04,sh.603069,21.0000000000,21.2600000000,20.7700000000,21.1500000000,20.9400000000,4924684,103901768.9200,2,1.558400,1,1.002900,-61.799608,8.452448,8.593840,-231.118718,0
2025-08-05,sh.603069,21.1400000000,21.2500000000,21.1000000000,21.1700000000,21.1500000000,4122300,87291561.0000,2,1.304500,1,0.094600,-61.858047,8.460441,8.601966,-231.337270,0
2025-08-06,sh.603069,21.0000000000,21.1600000000,20.9200000000,21.0500000000,21.1700000000,5254984,110489110.5200,2,1.663000,1,-0.566800,-61.507411,8.412484,8.553207,-230.025958,0
2025-08-07,sh.603069,21.0800000000,21.1600000000,20.9100000000,20.9500000000,21.0500000000,4865600,102140761.0000,2,1.539700,1,-0.475100,-61.215214,8.372519,8.512574,-228.933198,0
2025-08-08,sh.603069,20.9500000000,21.1200000000,20.8200000000,21.0700000000,20.9500000000,4527300,95054872.0000,2,1.432700,1,0.572800,-61.565850,8.420477,8.561334,-230.244510,0
2025-08-11,sh.603069,21.0000000000,21.3100000000,20.8300000000,21.1600000000,21.0700000000,7173599,151505189.3800,2,2.270100,1,0.427100,-61.828827,8.456444,8.597903,-231.227994,0
2025-08-12,sh.603069,21.2100000000,21.2100000000,20.9300000000,21.0200000000,21.1600000000,5048928,106162192.6000,2,1.597800,1,-0.661600,-61.419752,8.400494,8.541017,-229.698130,0
2025-08-13,sh.603069,21.1000000000,21.1800000000,20.8900000000,20.9200000000,21.0200000000,5802900,121930746.4600,2,1.836400,1,-0.475700,-61.127555,8.360530,8.500384,-228.605370,0
2025-08-14,sh.603069,20.9100000000,21.0800000000,20.3100000000,20.3100000000,20.9200000000,7236194,149815739.6600,2,2.289900,1,-2.915900,-59.345155,8.116748,8.252524,-221.939535,0
2025-08-15,sh.603069,20.2100000000,20.4300000000,20.2100000000,20.3400000000,20.3100000000,5461800,111017297.0000,2,1.728400,1,0.147700,-59.432814,8.128737,8.264714,-222.267363,0
2025-08-18,sh.603069,20.3500000000,20.9600000000,20.3500000000,20.8500000000,20.3400000000,7780669,161642906.5800,2,2.462200,1,2.507400,-60.923017,8.332555,8.471941,-227.840438,0
2025-08-19,sh.603069,20.9800000000,21.0400000000,20.6200000000,20.8600000000,20.8500000000,6840421,142651596.8800,2,2.164700,1,0.048000,-60.952237,8.336552,8.476005,-227.949714,0
2025-08-20,sh.603069,20.8900000000,21.0800000000,20.8000000000,20.9900000000,20.8600000000,6403274,134004935.1200,2,2.026400,1,0.623200,-61.332093,8.388505,8.528827,-229.370302,0
2025-08-21,sh.603069,20.8600000000,21.0300000000,20.8000000000,20.8300000000,20.9900000000,6193900,129395064.0000,2,1.960100,1,-0.762300,-60.864578,8.324562,8.463815,-227.621886,0
2025-08-22,sh.603069,20.8400000000,20.8800000000,20.5400000000,20.7400000000,20.8300000000,5570200,115381427.0000,2,1.762700,1,-0.432100,-60.601601,8.288594,8.427245,-226.638402,0
2025-08-25,sh.603069,20.7200000000,20.8200000000,20.6200000000,20.7600000000,20.7400000000,7005900,145181596.0000,2,2.217100,1,0.096400,-60.660040,8.296587,8.435372,-226.856954,0
2025-08-26,sh.603069,20.6900000000,21.4800000000,20.6400000000,21.2600000000,20.7600000000,11071917,234461103.5200,2,3.503800,1,2.408500,-57.273188,8.093377,9.027191,180.595779,0
2025-08-27,sh.603069,21.0800000000,21.2100000000,20.3500000000,20.3600000000,21.2600000000,11015375,229310077.8700,2,3.485900,1,-4.233300,-54.848641,7.750760,8.645043,172.950614,0
2025-08-28,sh.603069,20.3600000000,20.4800000000,19.6100000000,20.1000000000,20.3600000000,9530787,191336762.1300,2,3.016100,1,-1.277000,-54.148216,7.651782,8.534644,170.742011,0
2025-08-29,sh.603069,20.0100000000,20.5700000000,20.0100000000,20.1100000000,20.1000000000,4956000,100267150.0000,2,1.568400,1,0.049800,-54.175156,7.655589,8.538890,170.826957,0
2025-09-01,sh.603069,20.0100000000,20.2300000000,19.8900000000,19.9900000000,20.1100000000,4996500,100226300.0100,2,1.581200,1,-0.596700,-53.851883,7.609906,8.487937,169.807602,0
2025-09-02,sh.603069,20.0100000000,20.0600000000,19.5200000000,19.8000000000,19.9900000000,5335764,105457401.6300,2,1.688500,1,-0.950500,-53.340034,7.537576,8.407262,168.193623,0
2025-09-03,sh.603069,19.8900000000,19.8900000000,19.1900000000,19.2500000000,19.8000000000,3975500,77759435.0000,2,1.258100,1,-2.777800,-51.858366,7.328199,8.173726,163.521578,0
2025-09-04,sh.603069,19.2900000000,19.7600000000,19.2900000000,19.5900000000,19.2500000000,5859469,114764847.6600,2,1.854300,1,1.766200,-52.774306,7.457632,8.318094,166.409751,0
2025-09-05,sh.603069,19.6900000000,20.9600000000,19.6400000000,20.6300000000,19.5900000000,10507010,215170216.3500,2,3.325000,1,5.308800,-55.576005,7.853545,8.759687,175.244163,0
2025-09-08,sh.603069,20.2600000000,21.0000000000,20.2500000000,20.5400000000,20.6300000000,6753208,139203248.6500,2,2.137100,1,-0.436300,-55.333550,7.819283,8.721472,174.479647,0
2025-09-09,sh.603069,20.5300000000,20.7200000000,20.2600000000,20.3500000000,20.5400000000,4661400,94974601.0000,2,1.475100,1,-0.925000,-54.821701,7.746953,8.640797,172.865668,0
2025-09-10,sh.603069,20.4900000000,20.6400000000,20.1900000000,20.5900000000,20.3500000000,5114200,104764753.0000,2,1.618400,1,1.179400,-55.468247,7.838318,8.742703,174.904378,0
2025-09-11,sh.603069,20.7000000000,21.1700000000,20.3900000000,20.8600000000,20.5900000000,7460952,154057273.8500,2,2.361100,1,1.311300,-56.195611,7.941103,8.857347,177.197928,0
2025-09-12,sh.603069,20.8000000000,22.9500000000,20.7000000000,21.7100000000,20.8600000000,20866401,457279997.8500,2,6.603300,1,4.074800,-58.485461,8.264686,9.218265,184.418361,0
2025-09-15,sh.603069,21.3300000000,21.9000000000,21.3100000000,21.7500000000,21.7100000000,12810348,276909217.0800,2,4.053900,1,0.184200,-58.593219,8.279913,9.235249,184.758146,0
2025-09-16,sh.603069,21.7600000000,22.1300000000,21.4800000000,21.9800000000,21.7500000000,12750047,278185846.3100,2,4.034800,1,1.057500,-59.212825,8.367471,9.332909,186.711910,0
2025-09-17,sh.603069,21.9400000000,22.1000000000,21.4400000000,21.5100000000,21.9800000000,8555500,185254776.0000,2,2.707400,1,-2.138300,-57.946673,8.188548,9.133343,182.719436,0
2025-09-18,sh.603069,21.4300000000,21.9000000000,21.1000000000,21.3400000000,21.5100000000,11042804,238065051.4900,2,3.494600,1,-0.790300,-57.488703,8.123832,9.061160,181.275349,0
2025-09-19,sh.603069,21.3000000000,21.9000000000,21.1400000000,21.7000000000,21.3400000000,10392867,224016671.4000,2,3.288900,1,1.687000,-58.458522,8.260879,9.214019,184.333415,0
2025-09-22,sh.603069,21.6200000000,21.7800000000,21.3300000000,21.5100000000,21.7000000000,5827400,125423148.0000,2,1.844100,1,-0.875600,-57.946673,8.188548,9.133343,182.719436,0
2025-09-23,sh.603069,21.5100000000,21.5100000000,20.8000000000,21.3700000000,21.5100000000,8892145,187318935.2500,2,2.814000,1,-0.650900,-57.569521,8.135252,9.073898,181.530188,0
2025-09-24,sh.603069,21.2300000000,21.8400000000,21.2100000000,21.7800000000,21.3700000000,7262533,157479001.1200,2,2.298300,1,1.918600,-58.674037,8.291334,9.247988,185.012985,0
2025-09-25,sh.603069,21.7100000000,21.8300000000,21.2700000000,21.3400000000,21.7800000000,6176247,132970009.0400,2,1.954500,1,-2.020200,-57.488703,8.123832,9.061160,181.275349,0
2025-09-26,sh.603069,21.3400000000,21.8800000000,21.0400000000,21.6200000000,21.3400000000,8856047,191546314.2500,2,2.802500,1,1.312100,-58.243007,8.230424,9.180050,183.653845,0
2025-09-29,sh.603069,21.6300000000,22.1000000000,21.4300000000,22.0000000000,21.6200000000,9319894,203957719.3200,2,2.949300,1,1.757600,-59.266704,8.375084,9.341402,186.881803,0
2025-09-30,sh.603069,22.0000000000,22.6000000000,21.9100000000,22.4500000000,22.0000000000,10797740,241144407.0000,2,3.417000,1,2.045500,-60.478978,8.546393,9.532476,190.704385,0
2025-10-09,sh.603069,22.4300000000,22.4300000000,21.4500000000,21.6600000000,22.4500000000,11386373,246969327.0900,2,3.603300,1,-3.518900,-58.350764,8.245651,9.197035,183.993630,0
2025-10-10,sh.603069,21.5400000000,22.4300000000,21.5000000000,22.0900000000,21.6600000000,10989469,242158371.4900,2,3.477700,1,1.985200,-59.509159,8.409346,9.379616,187.646319,0
2025-10-13,sh.603069,21.1600000000,21.9700000000,21.0400000000,21.8400000000,22.0900000000,9326394,199832720.7500,2,2.951400,1,-1.131700,-58.835674,8.314175,9.273464,185.522663,0
2025-10-14,sh.603069,21.9500000000,22.7900000000,21.8300000000,22.2600000000,21.8400000000,15372894,344666150.6600,2,4.864800,1,1.923100,-59.967129,8.474063,9.451800,189.090406,0
2025-10-15,sh.603069,22.2200000000,22.7500000000,22.1000000000,22.5800000000,22.2600000000,9227800,207753445.0000,2,2.920200,1,1.437600,-60.829190,8.595882,9.587675,191.808687,0
2025-10-16,sh.603069,22.5300000000,24.2100000000,22.5300000000,24.0200000000,22.5800000000,23813406,559388739.6000,2,7.535900,1,6.377300,-64.708465,9.144070,10.199112,204.040950,0
2025-10-17,sh.603069,23.5500000000,25.7100000000,23.5100000000,24.3000000000,24.0200000000,26574603,652320329.9900,2,8.409700,1,1.165700,-65.462769,9.250661,10.318003,206.419446,0
2025-10-20,sh.603069,24.6600000000,26.7300000000,24.3800000000,26.7300000000,24.3000000000,10269704,267055757.9200,2,3.249900,1,10.000000,-72.009046,10.175728,11.349803,227.061391,0
2025-10-21,sh.603069,27.1400000000,29.4000000000,26.2200000000,28.6600000000,26.7300000000,47098818,1337442447.7300,2,14.904700,1,7.220400,-77.208352,10.910451,12.169299,243.456021,0
2025-10-22,sh.603069,28.1100000000,28.8900000000,26.1300000000,26.4700000000,28.6600000000,37077827,1002549691.5300,2,11.733500,1,-7.641300,-71.308621,10.076749,11.239405,224.852787,0
2025-10-23,sh.603069,26.6600000000,28.0700000000,26.6600000000,27.5100000000,26.4700000000,30587435,831411543.0900,2,9.679600,1,3.929000,-74.110320,10.472662,11.680998,233.687200,0
2025-10-24,sh.603069,26.6600000000,28.4900000000,26.6600000000,27.1900000000,27.5100000000,26501720,729718539.9000,2,8.386600,1,-1.163200,-73.248259,10.350843,11.545123,230.968919,0
2025-10-27,sh.603069,26.9400000000,27.1700000000,25.8800000000,25.9000000000,27.1900000000,23994945,633854233.4700,2,7.593300,1,-4.744400,-69.773075,9.859759,10.997377,220.010850,0
2025-10-28,sh.603069,25.8900000000,26.4000000000,25.7100000000,25.9200000000,25.9000000000,14070127,366509288.6800,2,4.452600,1,0.077200,-69.826953,9.867372,11.005870,220.180742,0
2025-10-29,sh.603069,25.2000000000,28.5100000000,25.2000000000,28.5100000000,25.9200000000,37798936,1051624169.9600,2,11.961700,1,9.992300,-64.434347,11.132276,13.191950,433.594822,0
2025-10-30,sh.603069,28.2500000000,28.8000000000,27.3300000000,27.7000000000,28.5100000000,26984474,752868747.9900,2,8.539400,1,-2.841100,-62.603698,10.815996,12.817152,421.275924,0
2025-10-31,sh.603069,29.2500000000,30.4700000000,27.9000000000,28.2300000000,27.7000000000,44756704,1302264276.7100,2,14.163500,1,1.913400,-63.801530,11.022945,13.062390,429.336438,0
2025-11-03,sh.603069,27.9500000000,29.6000000000,27.5500000000,28.8000000000,28.2300000000,36977416,1057317345.4500,2,11.701700,1,2.019100,-65.089765,11.245512,13.326136,438.005292,0
2025-11-04,sh.603069,28.3000000000,28.8200000000,27.8000000000,28.5000000000,28.8000000000,27036705,764486477.7700,2,8.555900,1,-1.041700,-64.411747,11.128371,13.187322,433.442737,0
2025-11-05,sh.603069,28.0100000000,30.8500000000,27.9900000000,29.9700000000,28.5000000000,34088605,1014921923.6400,2,10.787500,1,5.157900,-67.734037,11.702361,13.867511,455.799257,0
2025-11-06,sh.603069,29.9700000000,30.6400000000,26.9700000000,27.0800000000,29.9700000000,35498031,1000527051.4200,2,11.233600,1,-9.643000,-61.202460,10.573905,12.530270,411.846643,0
2025-11-07,sh.603069,28.1500000000,28.8800000000,26.6400000000,27.5000000000,27.0800000000,27020224,752191335.7800,2,8.550700,1,1.551000,-62.151685,10.737902,12.724609,418.234220,0
2025-11-10,sh.603069,27.0100000000,30.2500000000,26.9300000000,29.1700000000,27.5000000000,32728779,938682802.2900,2,10.357200,1,6.072700,-65.925988,11.389986,13.497340,443.632444,0
2025-11-11,sh.603069,28.6700000000,28.9700000000,27.7400000000,27.7800000000,29.1700000000,22669933,638130979.4700,2,7.174000,1,-4.765200,-62.784503,10.847233,12.854169,422.492605,0
2025-11-12,sh.603069,27.6500000000,28.2700000000,26.8300000000,27.2200000000,27.7800000000,15849452,433358925.3000,2,5.015600,1,-2.015800,-61.518868,10.628571,12.595050,413.975835,0
2025-11-13,sh.603069,26.9700000000,27.5000000000,26.6700000000,26.8500000000,27.2200000000,13720017,371258715.4900,2,4.341800,1,-1.359300,-60.682646,10.484097,12.423846,408.348684,0
2025-11-14,sh.603069,26.7000000000,29.4400000000,26.7000000000,28.6400000000,26.8500000000,28041293,796229338.3100,2,8.873800,1,6.666700,-64.728155,11.183037,13.252102,435.571930,0
2025-11-17,sh.603069,28.3500000000,29.0900000000,28.0000000000,28.2400000000,28.6400000000,17292108,490477780.7700,2,5.472200,1,-1.396600,-63.824131,11.026849,13.067017,429.488523,0
2025-11-18,sh.603069,28.2400000000,28.9500000000,27.2000000000,27.6100000000,28.2400000000,16972706,475254461.2400,2,5.371100,1,-2.230900,-62.400292,10.780854,12.775508,419.907157,0
2025-11-19,sh.603069,27.2800000000,27.6000000000,25.8500000000,26.1800000000,27.6100000000,15840797,416418145.6900,2,5.012900,1,-5.179300,-59.168405,10.222483,12.113828,398.158978,0
2025-11-20,sh.603069,26.2200000000,26.8300000000,25.8400000000,26.3600000000,26.1800000000,12458183,327903259.3600,2,3.942500,1,0.687500,-59.575216,10.292767,12.197116,400.896511,0
2025-11-21,sh.603069,25.8600000000,26.5600000000,25.3000000000,25.4300000000,26.3600000000,12050247,311041074.3400,2,3.813400,1,-3.528100,-57.473359,9.929631,11.766793,386.752590,0
2025-11-24,sh.603069,25.3300000000,26.1900000000,24.0700000000,24.5800000000,25.4300000000,12825678,317222954.2600,2,4.058800,1,-3.342500,-55.552307,9.597732,11.373487,373.825350,0
2025-11-25,sh.603069,25.0800000000,25.1400000000,24.5000000000,24.9400000000,24.5800000000,9963972,247317785.4500,2,3.153200,1,1.464600,-56.365929,9.738301,11.540064,379.300416,0
2025-11-26,sh.603069,24.8300000000,25.9300000000,24.7200000000,25.2200000000,24.9400000000,12512043,318458548.3400,2,3.959500,1,1.122700,-56.998746,9.847632,11.669624,383.558801,0
2025-11-27,sh.603069,25.0400000000,25.4900000000,24.3800000000,24.3900000000,25.2200000000,8536356,210900464.9100,2,2.701400,1,-3.291000,-55.122895,9.523543,11.285572,370.935732,0
2025-11-28,sh.603069,24.4900000000,25.6200000000,24.1000000000,25.5300000000,24.3900000000,11453500,286167232.6300,2,3.624500,1,4.674000,-57.699365,9.968678,11.813065,388.273442,0
2025-12-01,sh.603069,25.3200000000,26.0600000000,25.0900000000,25.5100000000,25.5300000000,9860400,251832546.0000,2,3.120400,1,-0.078300,-57.654164,9.960868,11.803810,387.969271,0
2025-12-02,sh.603069,25.5100000000,26.3100000000,24.8100000000,25.9900000000,25.5100000000,11529886,295608354.2900,2,3.648700,1,1.881600,-58.738993,10.148294,12.025913,395.269359,0
2025-12-03,sh.603069,25.6200000000,26.1400000000,25.0000000000,25.2500000000,25.9900000000,10392042,265335400.8100,2,3.288600,1,-2.847200,-57.066548,9.859346,11.683505,384.015057,0
2025-12-04,sh.603069,25.0000000000,25.0900000000,23.9800000000,24.2400000000,25.2500000000,9478509,230968085.7700,2,2.999500,1,-4.000000,-54.783886,9.464973,11.216165,368.654454,0
2025-12-05,sh.603069,24.2000000000,24.9300000000,23.8600000000,24.8100000000,24.2400000000,7676240,188704224.5700,2,2.429200,1,2.351500,-56.072121,9.687540,11.479911,377.323309,0
2025-12-08,sh.603069,24.5500000000,25.9500000000,24.5500000000,25.7300000000,24.8100000000,9999703,256008104.4000,2,3.164500,1,3.708200,-58.151377,10.046772,11.905607,391.315145,0
2025-12-09,sh.603069,25.5000000000,25.7000000000,24.4400000000,25.0000000000,25.7300000000,9617685,239732337.5500,2,3.043600,1,-2.837200,-56.501532,9.761729,11.567827,380.212927,0
2025-12-10,sh.603069,25.5000000000,27.0000000000,25.1400000000,26.5100000000,25.0000000000,23466241,614486663.8200,2,7.426000,1,6.040000,-59.914225,10.351338,12.266523,403.177788,0
2025-12-11,sh.603069,26.1000000000,26.7000000000,24.7500000000,24.8500000000,26.5100000000,19941838,508568260.9400,2,6.310700,1,-6.261800,-56.162523,9.703159,11.498420,377.931650,0
2025-12-12,sh.603069,24.5300000000,24.7600000000,24.0300000000,24.1700000000,24.8500000000,11616524,282292529.1600,2,3.676100,1,-2.736400,-54.625681,9.437640,11.183775,367.589858,0
2025-12-15,sh.603069,24.1600000000,24.2700000000,22.8100000000,23.6300000000,24.1700000000,9895165,233469706.4600,2,3.131400,1,-2.234200,-53.405248,9.226786,10.933910,359.377259,0
2025-12-16,sh.603069,24.1300000000,25.8500000000,23.5300000000,24.6300000000,23.6300000000,18089365,441897008.8300,2,5.724500,1,4.231900,-55.665310,9.617256,11.396623,374.585776,0
2025-12-17,sh.603069,24.6400000000,24.7000000000,22.7500000000,23.2900000000,24.6300000000,13835131,321835733.6500,2,4.378200,1,-5.440500,-52.636827,9.094027,10.776587,354.206363,0
2025-12-18,sh.603069,23.3600000000,23.3600000000,21.5800000000,21.6900000000,23.2900000000,14625800,322939672.8800,2,4.628400,1,-6.869900,-49.020729,8.469276,10.036246,329.872736,0
2025-12-19,sh.603069,21.5700000000,23.8600000000,21.5000000000,23.8600000000,21.6900000000,23487460,542684460.3600,2,7.432700,1,10.004600,-53.925062,9.316594,11.040334,362.875218,0
2025-12-22,sh.603069,26.0000000000,26.2500000000,25.6000000000,26.2500000000,23.8600000000,15117102,396087091.2800,2,4.783900,1,10.016800,-59.326609,10.249816,12.146218,399.223574,0
2025-12-23,sh.603069,28.8800000000,28.8800000000,28.8800000000,28.8800000000,26.2500000000,5742190,165834447.2000,2,1.817100,1,10.019000,-65.270570,11.276749,13.363153,439.221974,0
2025-12-24,sh.603069,29.5000000000,30.7900000000,27.7200000000,29.2400000000,28.8800000000,67038246,1984520377.1700,2,21.214600,1,1.246500,-66.084192,11.417318,13.529730,444.697040,0
2025-12-25,sh.603069,29.2800000000,29.7800000000,27.3000000000,27.6200000000,29.2400000000,46261475,1302216494.0900,2,14.639700,1,-5.540400,-62.422893,10.784758,12.780135,420.059242,0
2025-12-26,sh.603069,27.1200000000,30.3800000000,27.1200000000,30.3800000000,27.6200000000,59254195,1749390085.6800,2,18.751300,1,9.992800,-68.660662,11.862453,14.057223,462.034749,0
2025-12-29,sh.603069,29.0000000000,31.5800000000,28.4500000000,28.4700000000,30.3800000000,52069604,1537094078.6400,2,16.477700,1,-6.287000,-64.343945,11.116657,13.173441,432.986482,0
2025-12-30,sh.603069,27.7300000000,28.3700000000,26.8400000000,27.1600000000,28.4700000000,32006494,879721309.2300,2,10.128600,1,-4.601300,-61.383265,10.605143,12.567287,413.063324,0
2025-12-31,sh.603069,27.1500000000,28.4800000000,26.2900000000,27.1500000000,27.1600000000,33925258,925799864.9100,2,10.735800,1,-0.036800,-61.360664,10.601238,12.562660,412.911239,0
2026-01-05,sh.603069,26.1200000000,26.2900000000,24.5000000000,24.9600000000,27.1500000000,30393696,760238270.4900,2,9.618300,1,-8.066300,-56.411130,9.746110,11.549318,379.604587,0
2026-01-06,sh.603069,24.9000000000,25.4300000000,24.6500000000,24.9400000000,24.9600000000,19243689,481590022.7200,2,6.089800,1,-0.080100,-56.365929,9.738301,11.540064,379.300416,0
2026-01-07,sh.603069,25.3000000000,25.6400000000,24.6500000000,24.7900000000,24.9400000000,18075435,454398731.5800,2,5.720100,1,-0.601400,-56.026919,9.679731,11.470657,377.019139,0
2026-01-08,sh.603069,24.5500000000,24.9400000000,24.3800000000,24.4700000000,24.7900000000,14867947,365088538.4600,2,4.705000,1,-1.290800,-55.303700,9.554780,11.322589,372.152413,0
2026-01-09,sh.603069,24.2400000000,24.8000000000,24.2400000000,24.4800000000,24.4700000000,12917752,316803466.4300,2,4.087900,1,0.040900,-55.326300,9.558685,11.327216,372.304499,0
2026-01-12,sh.603069,24.3100000000,25.0600000000,24.3000000000,24.7000000000,24.4800000000,17509557,431246106.0500,2,5.541000,1,0.898700,-55.823514,9.644588,11.429013,375.650372,0
2026-01-13,sh.603069,24.5400000000,24.9600000000,23.7100000000,23.7500000000,24.7000000000,16580062,402119971.3900,2,5.246900,1,-3.846200,-53.676456,9.273643,10.989435,361.202281,0
2026-01-14,sh.603069,23.6400000000,24.2700000000,23.4700000000,23.9000000000,23.7500000000,14660515,350001927.2700,2,4.639400,1,0.631600,-54.015465,9.332213,11.058842,363.483559,0
2026-01-15,sh.603069,23.6700000000,24.1000000000,23.4300000000,23.5700000000,23.9000000000,8439232,200307257.4900,2,2.670600,1,-1.380800,-53.269645,9.203358,10.906147,358.464748,0
2026-01-16,sh.603069,23.4500000000,23.7700000000,22.9300000000,23.1100000000,23.5700000000,9545346,221945832.3000,2,3.020700,1,-1.951600,-52.230016,9.023742,10.693299,351.468830,0
2026-01-19,sh.603069,23.3100000000,24.2600000000,23.2100000000,23.9800000000,23.1100000000,14876937,355222433.3500,2,4.707900,1,3.764600,-54.196270,9.363451,11.095859,364.700240,0
2026-01-20,sh.603069,23.7200000000,24.0000000000,23.1200000000,23.2500000000,23.9800000000,10424147,244134154.9800,2,3.298800,1,-3.044200,-52.546425,9.078408,10.758079,353.598023,0
2026-01-21,sh.603069,23.0100000000,23.1300000000,22.6100000000,23.0700000000,23.2500000000,6327901,145415129.4300,2,2.002500,1,-0.774200,-52.139614,9.008124,10.674790,350.860489,0
2026-01-22,sh.603069,23.1000000000,23.3500000000,22.9200000000,23.2700000000,23.0700000000,5717001,132512318.8100,2,1.809200,1,0.866900,-52.591626,9.086217,10.767333,353.902193,0
2026-01-23,sh.603069,23.3900000000,23.6600000000,23.2100000000,23.5200000000,23.2700000000,7592616,178578528.1600,2,2.402700,1,1.074300,-53.156642,9.183835,10.883011,357.704322,0
2026-01-26,sh.603069,23.5100000000,23.5200000000,22.8400000000,22.9400000000,23.5200000000,8036427,185853447.4700,2,2.543200,1,-2.466000,-51.845806,8.957363,10.614638,348.883382,0
2026-01-27,sh.603069,22.9600000000,23.0000000000,22.1500000000,22.7400000000,22.9400000000,6117877,138096359.0300,2,1.936000,1,-0.871800,-51.393794,8.879269,10.522095,345.841679,0
2026-01-28,sh.603069,22.8900000000,23.1800000000,22.5800000000,22.6000000000,22.7400000000,5637102,128487776.9200,2,1.783900,1,-0.615700,-51.077385,8.824603,10.457315,343.712486,0
2026-01-29,sh.603069,22.4700000000,22.7800000000,22.2000000000,22.4900000000,22.6000000000,4863386,109640236.2900,2,1.539000,1,-0.486700,-50.828778,8.781652,10.406417,342.039550,0
2026-01-30,sh.603069,22.5100000000,23.6000000000,22.5000000000,22.7500000000,22.4900000000,11326302,261016444.6800,2,3.584300,1,1.156100,-51.416394,8.883174,10.526722,345.993764,0
2026-02-02,sh.603069,22.6000000000,23.1200000000,22.0100000000,22.5400000000,22.7500000000,7621948,173449418.4000,2,2.412000,1,-0.923100,-50.941781,8.801175,10.429553,342.799975,0
2026-02-03,sh.603069,22.7100000000,22.8700000000,22.3500000000,22.8400000000,22.5400000000,6475817,146677819.9700,2,2.049300,1,1.331000,-51.619800,8.918316,10.568366,347.362531,0
2026-02-04,sh.603069,22.8400000000,23.4900000000,22.6200000000,23.2800000000,22.8400000000,9313657,215741788.2600,2,2.947400,1,1.926400,-52.614227,9.090122,10.771960,354.054278,0
2026-02-05,sh.603069,23.3900000000,24.0500000000,23.1800000000,23.4100000000,23.2800000000,12710563,299288080.5300,2,4.022300,1,0.558400,-52.908035,9.140883,10.832113,356.031385,0
2026-02-06,sh.603069,23.0000000000,23.1000000000,22.5000000000,22.7200000000,23.4100000000,8848592,201687576.7200,2,2.800200,1,-2.947500,-51.348593,8.871459,10.512841,345.537508,0
2026-02-09,sh.603069,22.8000000000,23.3400000000,22.7900000000,23.3000000000,22.7200000000,7471899,173011963.0000,2,2.364500,1,2.552800,-52.659428,9.097932,10.781214,354.358448,0
2026-02-10,sh.603069,23.3000000000,23.3400000000,22.8000000000,22.8800000000,23.3000000000,5874500,134789295.1200,2,1.859000,1,-1.802600,-51.710202,8.933934,10.586875,347.970871,0
2026-02-11,sh.603069,22.8200000000,23.0900000000,22.7100000000,22.7200000000,22.8800000000,4412217,100833485.1100,2,1.396300,1,-0.699300,-51.348593,8.871459,10.512841,345.537508,0
2026-02-12,sh.603069,22.7000000000,22.8100000000,22.1500000000,22.1900000000,22.7200000000,5931210,132447487.2000,2,1.877000,1,-2.332700,-50.150760,8.664511,10.267603,337.476994,0
2026-02-13,sh.603069,22.6500000000,23.2100000000,22.3600000000,22.7600000000,22.1900000000,8679092,198075901.0400,2,2.746500,1,2.568700,-51.438995,8.887078,10.531349,346.145849,0
2026-02-24,sh.603069,22.0000000000,22.1600000000,21.3200000000,21.7400000000,22.7600000000,9930327,215817284.0400,2,3.142500,1,-4.481500,-49.133732,8.488800,10.059382,330.633162,0
