code,tradeStatus,code_name
sh.600026,1,中远海能
sh.600032,1,浙江新能
sh.600054,1,黄山旅游
sh.600063,1,皖维高新
sh.600089,1,特变电工
sh.600096,1,云天化
sh.600101,1,明星电力
sh.600116,1,三峡水利
sh.600125,1,铁龙物流
sh.600131,1,国网信通
sh.600141,1,兴发集团
sh.600143,1,金发科技
sh.600163,1,中闽能源
sh.600166,1,福田汽车
sh.600170,1,上海建工
sh.600183,1,生益科技
sh.600186,1,莲花控股
sh.600206,1,有研新材
sh.600216,1,浙江医药
sh.600218,1,全柴动力
sh.600219,1,南山铝业
sh.600226,1,亨通股份
sh.600237,1,铜峰电子
sh.600251,1,冠农股份
sh.600256,1,广汇能源
sh.600268,1,国电南自
sh.600301,1,华锡有色
sh.600312,1,平高电气
sh.600320,1,振华重工
sh.600338,1,西藏珠峰
sh.600339,1,中油工程
sh.600354,1,敦煌种业
sh.600366,1,宁波韵升
sh.600367,1,红星发展
sh.600389,1,江山股份
sh.600392,1,盛和资源
sh.600409,1,三友化工
sh.600410,1,华胜天成
sh.600428,1,中远海特
sh.600429,1,三元股份
sh.600452,1,涪陵电力
sh.600458,1,时代新材
sh.600459,1,贵研铂业
sh.600475,1,华光环能
sh.600477,1,杭萧钢构
sh.600478,1,科力远
sh.600487,1,亨通光电
sh.600490,1,鹏欣资源
sh.600497,1,驰宏锌锗
sh.600498,1,烽火通信
sh.600522,1,中天科技
sh.600531,1,豫光金铅
sh.600549,1,厦门钨业
sh.600552,1,凯盛科技
sh.600563,1,法拉电子
sh.600575,1,淮河能源
sh.600577,1,精达股份
sh.600583,1,海油工程
sh.600584,1,长电科技
sh.600595,1,中孚实业
sh.600598,1,北大荒
sh.600603,1,广汇物流
sh.600618,1,氯碱化工
sh.600628,1,新世界
sh.600629,1,华建集团
sh.600635,1,大众公用
sh.600649,1,城投控股
sh.600660,1,福耀玻璃
sh.600667,1,太极实业
sh.600682,1,南京新百
sh.600686,1,金龙汽车
sh.600711,1,盛屯矿业
sh.600742,1,富维股份
sh.600744,1,华银电力
sh.600746,1,江苏索普
sh.600759,1,洲际油气
sh.600761,1,安徽合力
sh.600780,1,通宝能源
sh.600812,1,华北制药
sh.600864,1,哈投股份
sh.600866,1,星湖科技
sh.600873,1,梅花生物
sh.600875,1,东方电气
sh.600888,1,新疆众和
sh.600916,1,中国黄金
sh.600930,1,华电新能
sh.600938,1,中国海油
sh.600956,1,新天绿能
sh.600961,1,株冶集团
sh.600979,1,广安爱众
sh.600988,1,赤峰黄金
sh.600989,1,宝丰能源
sh.601016,1,节能风电
sh.601020,1,华钰矿业
sh.601038,1,一拖股份
sh.601096,1,宏盛华源
sh.601101,1,昊华能源
sh.601112,1,振石股份
sh.601117,1,中国化学
sh.601126,1,四方股份
sh.601137,1,博威合金
sh.601168,1,西部矿业
sh.601179,1,中国西电
sh.601216,1,君正集团
sh.601218,1,吉鑫科技
sh.601231,1,环旭电子
sh.601311,1,骆驼股份
sh.601330,1,绿色动力
sh.601555,1,东吴证券
sh.601567,1,三星医疗
sh.601600,1,中国铝业
sh.601611,1,中国核建
sh.601619,1,嘉泽新能
sh.601666,1,平煤股份
sh.601669,1,中国电建
sh.601677,1,明泰铝业
sh.601678,1,滨化股份
sh.601778,1,晶科科技
sh.601789,1,宁波建工
sh.601858,1,中国科传
sh.601860,1,紫金银行
sh.601866,1,中远海发
sh.601868,1,中国能建
sh.601872,1,招商轮船
sh.601877,1,正泰电器
sh.601890,1,亚星锚链
sh.601918,1,新集能源
sh.601969,1,海南矿业
sh.601975,1,招商南油
sh.601991,1,大唐发电
sh.601999,1,出版传媒
sh.603005,1,晶方科技
sh.603008,1,喜临门
sh.603027,1,千禾味业
sh.603031,1,安孚科技
sh.603040,1,新坐标
sh.603045,1,福达合金
sh.603049,1,中策橡胶
sh.603050,1,科林电气
sh.603055,1,台华新材
sh.603058,1,永吉股份
sh.603063,1,禾望电气
sh.603067,1,振华股份
sh.603088,1,宁波精达
sh.603093,1,南华期货
sh.603105,1,芯能科技
sh.603115,1,海星股份
sh.603158,1,腾龙股份
sh.603162,1,海通发展
sh.603163,1,圣晖集成
sh.603165,1,荣晟环保
sh.603218,1,日月股份
sh.603228,1,景旺电子
sh.603236,1,移远通信
sh.603267,1,鸿远电子
sh.603269,1,海鸥股份
sh.603279,1,景津装备
sh.603283,1,赛腾股份
sh.603290,1,斯达半导
sh.603300,1,海南华铁
sh.603328,1,依顿电子
sh.603332,1,苏州龙杰
sh.603341,1,龙旗科技
sh.603357,1,设计总院
sh.603358,1,华达科技
sh.603363,1,傲农生物
sh.603366,1,日出东方
sh.603381,1,永臻股份
sh.603387,1,基蛋生物
sh.603393,1,新天然气
sh.603477,1,巨星农牧
sh.603499,1,翔港科技
sh.603527,1,众源新材
sh.603538,1,美诺华
sh.603558,1,健盛集团
sh.603588,1,高能环境
sh.603606,1,东方电缆
sh.603607,1,京华激光
sh.603612,1,索通发展
sh.603619,1,中曼石油
sh.603659,1,璞泰来
sh.603686,1,福龙马
sh.603687,1,大胜达
sh.603693,1,江苏新能
sh.603757,1,大元泵业
sh.603799,1,华友钴业
sh.603806,1,福斯特
sh.603817,1,海峡环保
sh.603829,1,洛凯股份
sh.603861,1,白云电器
sh.603876,1,鼎胜新材
sh.603897,1,长城科技
sh.603919,1,金徽酒
sh.603920,1,世运电路
sh.603929,1,亚翔集成
sh.603949,1,雪龙集团
sh.603966,1,法兰泰克
sh.603977,1,国泰集团
sh.603979,1,金诚信
sh.603992,1,松霖科技
sh.605011,1,杭州热电
sh.605020,1,永和股份
sh.605058,1,澳弘电子
sh.605060,1,联德股份
sh.605090,1,九丰能源
sh.605111,1,新洁能
sh.605123,1,派克新材
sh.605162,1,新中港
sh.605167,1,利柏特
sh.605196,1,华通线缆
sh.605222,1,起帆电缆
sh.605258,1,协和电子
sh.605268,1,王力安防
sh.605277,1,新亚电子
sh.605286,1,同力天启
sh.605299,1,舒华体育
sh.605305,1,中际联合
sh.605589,1,圣泉集团
sz.000019,1,深粮控股
sz.000021,1,深科技
sz.000034,1,神州数码
sz.000035,1,中国天楹
sz.000048,1,京基智农
sz.000049,1,德赛电池
sz.000060,1,中金岭南
sz.000065,1,北方国际
sz.000100,1,TCL科技
sz.000155,1,川能动力
sz.000400,1,许继电气
sz.000407,1,胜利股份
sz.000422,1,湖北宜化
sz.000426,1,兴业银锡
sz.000528,1,柳工
sz.000531,1,穗恒运A
sz.000537,1,绿发电力
sz.000543,1,皖能电力
sz.000550,1,江铃汽车
sz.000554,1,泰山石油
sz.000560,1,我爱我家
sz.000582,1,北部湾港
sz.000591,1,太阳能
sz.000600,1,建投能源
sz.000603,1,盛达资源
sz.000612,1,焦作万方
sz.000617,1,中油资本
sz.000630,1,铜陵有色
sz.000672,1,上峰水泥
sz.000690,1,宝新能源
sz.000700,1,模塑科技
sz.000709,1,河钢股份
sz.000712,1,锦龙股份
sz.000731,1,四川美丰
sz.000737,1,北方铜业
sz.000758,1,中色股份
sz.000767,1,晋控电力
sz.000777,1,中核科技
sz.000791,1,甘肃能源
sz.000803,1,山高环能
sz.000807,1,云铝股份
sz.000823,1,超声电子
sz.000830,1,鲁西化工
sz.000833,1,粤桂股份
sz.000862,1,银星能源
sz.000875,1,电投绿能
sz.000878,1,云南铜业
sz.000880,1,潍柴重机
sz.000893,1,亚钾国际
sz.000899,1,赣能股份
sz.000915,1,华特达因
sz.000922,1,佳电股份
sz.000927,1,中国铁物
sz.000928,1,中钢国际
sz.000933,1,神火股份
sz.000938,1,紫光股份
sz.000949,1,新乡化纤
sz.000957,1,中通客车
sz.000960,1,锡业股份
sz.000968,1,蓝焰控股
sz.000969,1,安泰科技
sz.000983,1,山西焦煤
sz.000988,1,华工科技
sz.000993,1,闽东电力
sz.001207,1,联科科技
sz.001286,1,陕西能源
sz.001287,1,中电港
sz.001301,1,尚太科技
sz.001337,1,四川黄金
sz.001376,1,百通能源
sz.001389,1,广合科技
sz.001696,1,宗申动力
sz.002006,1,精工科技
sz.002008,1,大族激光
sz.002015,1,协鑫能科
sz.002019,1,亿帆医药
sz.002040,1,南京港
sz.002048,1,宁波华翔
sz.002056,1,横店东磁
sz.002057,1,中钢天源
sz.002060,1,广东建工
sz.002062,1,宏润建设
sz.002063,1,远光软件
sz.002074,1,国轩高科
sz.002080,1,中材科技
sz.002083,1,孚日股份
sz.002100,1,天康生物
sz.002106,1,莱宝高科
sz.002108,1,沧州明珠
sz.002110,1,三钢闽光
sz.002125,1,湘潭电化
sz.002130,1,沃尔核材
sz.002138,1,顺络电子
sz.002140,1,东华科技
sz.002145,1,钛能化学
sz.002150,1,正泰电源
sz.002155,1,湖南黄金
sz.002156,1,通富微电
sz.002161,1,远望谷
sz.002167,1,东方锆业
sz.002170,1,芭田股份
sz.002171,1,楚江新材
sz.002181,1,粤传媒
sz.002185,1,华天科技
sz.002202,1,金风科技
sz.002204,1,大连重工
sz.002215,1,诺普信
sz.002217,1,合力泰
sz.002221,1,东华能源
sz.002237,1,恒邦股份
sz.002245,1,蔚蓝锂芯
sz.002246,1,北化股份
sz.002249,1,大洋电机
sz.002255,1,海陆重工
sz.002258,1,利尔化学
sz.002273,1,水晶光电
sz.002276,1,万马股份
sz.002281,1,光迅科技
sz.002283,1,天润工业
sz.002284,1,亚太股份
sz.002312,1,川发龙蟒
sz.002324,1,普利特
sz.002334,1,英威腾
sz.002335,1,科华数据
sz.002340,1,格林美
sz.002345,1,潮宏基
sz.002353,1,杰瑞股份
sz.002358,1,森源电气
sz.002380,1,科远智慧
sz.002385,1,大北农
sz.002393,1,力生制药
sz.002394,1,联发股份
sz.002396,1,星网锐捷
sz.002402,1,和而泰
sz.002409,1,雅克科技
sz.002429,1,兆驰股份
sz.002432,1,九安医疗
sz.002438,1,江苏神通
sz.002440,1,闰土股份
sz.002452,1,长高电新
sz.002457,1,青龙管业
sz.002463,1,沪电股份
sz.002469,1,三维化学
sz.002478,1,常宝股份
sz.002484,1,江海股份
sz.002487,1,大金重工
sz.002497,1,雅化集团
sz.002498,1,汉缆股份
sz.002507,1,涪陵榨菜
sz.002517,1,恺英网络
sz.002518,1,科士达
sz.002532,1,天山铝业
sz.002533,1,金杯电工
sz.002536,1,飞龙股份
sz.002537,1,海联金汇
sz.002539,1,云图控股
sz.002546,1,新联电子
sz.002553,1,南方精工
sz.002555,1,三七互娱
sz.002559,1,亚威股份
sz.002560,1,通达股份
sz.002562,1,兄弟科技
sz.002580,1,圣阳股份
sz.002588,1,史丹利
sz.002594,1,比亚迪
sz.002606,1,大连电瓷
sz.002611,1,东方精工
sz.002617,1,露笑科技
sz.002627,1,三峡旅游
sz.002632,1,道明光学
sz.002637,1,赞宇科技
sz.002655,1,共达电声
sz.002685,1,华东重机
sz.002688,1,金河生物
sz.002692,1,远程股份
sz.002706,1,良信股份
sz.002709,1,天赐材料
sz.002734,1,利民股份
sz.002756,1,永兴材料
sz.002772,1,众兴菌业
sz.002782,1,可立克
sz.002797,1,第一创业
sz.002807,1,江阴银行
sz.002815,1,崇达技术
sz.002824,1,和胜股份
sz.002831,1,裕同科技
sz.002850,1,科达利
sz.002891,1,中宠股份
sz.002895,1,川恒股份
sz.002897,1,意华股份
sz.002913,1,奥士康
sz.002916,1,深南电路
sz.002922,1,伊戈尔
sz.002938,1,鹏鼎控股
sz.002941,1,新疆交建
sz.002947,1,恒铭达
sz.002950,1,奥美医疗
sz.002957,1,科瑞技术
sz.002960,1,青鸟消防
sz.002961,1,瑞达期货
sz.002980,1,华盛昌
sz.002985,1,北摩高科
sz.003010,1,若羽臣
sz.003019,1,宸展光电
sz.003031,1,中瓷电子
sz.003041,1,真爱美家
sz.300001,1,特锐德
sz.300003,1,乐普医疗
sz.300008,1,天海防务
sz.300014,1,亿纬锂能
sz.300017,1,网宿科技
sz.300018,1,中元股份
sz.300019,1,硅宝科技
sz.300033,1,同花顺
sz.300035,1,中科电气
sz.300037,1,新宙邦
sz.300041,1,回天新材
sz.300054,1,鼎龙股份
sz.300063,1,天龙集团
sz.300073,1,当升科技
sz.300088,1,长信科技
sz.300092,1,科新机电
sz.300099,1,尤洛卡
sz.300113,1,顺网科技
sz.300121,1,阳谷华泰
sz.300129,1,泰胜风能
sz.300130,1,新国都
sz.300132,1,青松股份
sz.300133,1,华策影视
sz.300140,1,节能环境
sz.300143,1,盈康生命
sz.300145,1,南方泵业
sz.300171,1,东富龙
sz.300196,1,长海股份
sz.300201,1,海伦哲
sz.300206,1,理邦仪器
sz.300207,1,欣旺达
sz.300217,1,东方电热
sz.300226,1,上海钢联
sz.300228,1,富瑞特装
sz.300263,1,隆华科技
sz.300272,1,开能健康
sz.300274,1,阳光电源
sz.300285,1,国瓷材料
sz.300292,1,吴通控股
sz.300303,1,聚飞光电
sz.300304,1,云意电气
sz.300308,1,中际旭创
sz.300319,1,麦捷科技
sz.300332,1,天壕能源
sz.300351,1,永贵电器
sz.300357,1,我武生物
sz.300378,1,鼎捷数智
sz.300389,1,艾比森
sz.300398,1,飞凯材料
sz.300400,1,劲拓股份
sz.300401,1,花园生物
sz.300409,1,道氏技术
sz.300416,1,苏试试验
sz.300442,1,润泽科技
sz.300443,1,金雷股份
sz.300446,1,航天智造
sz.300454,1,深信服
sz.300456,1,赛微电子
sz.300476,1,胜宏科技
sz.300492,1,华图山鼎
sz.300496,1,中科创达
sz.300502,1,新易盛
sz.300505,1,川金诺
sz.300540,1,蜀道装备
sz.300541,1,先进数通
sz.300545,1,联得装备
sz.300547,1,川环科技
sz.300558,1,贝达药业
sz.300570,1,太辰光
sz.300573,1,兴齐眼药
sz.300596,1,利安隆
sz.300602,1,飞荣达
sz.300618,1,寒锐钴业
sz.300622,1,博士眼镜
sz.300634,1,彩讯股份
sz.300638,1,广和通
sz.300641,1,正丹股份
sz.300643,1,万通智控
sz.300664,1,鹏鹞环保
sz.300666,1,江丰电子
sz.300677,1,英科医疗
sz.300679,1,电连技术
sz.300680,1,隆盛科技
sz.300684,1,中石科技
sz.300685,1,艾德生物
sz.300690,1,双一科技
sz.300693,1,盛弘股份
sz.300699,1,光威复材
sz.300708,1,聚灿光电
sz.300709,1,精研科技
sz.300711,1,广哈通信
sz.300724,1,捷佳伟创
sz.300726,1,宏达电子
sz.300727,1,润禾材料
sz.300740,1,水羊股份
sz.300763,1,锦浪科技
sz.300772,1,运达股份
sz.300775,1,三角防务
sz.300776,1,帝尔激光
sz.300777,1,中简科技
sz.300788,1,中信出版
sz.300811,1,铂科新材
sz.300816,1,艾可蓝
sz.300827,1,上能电气
sz.300829,1,金丹科技
sz.300835,1,龙磁科技
sz.300843,1,胜蓝股份
sz.300850,1,新强联
sz.300852,1,四会富仕
sz.300857,1,协创数据
sz.300859,1,西域旅游
sz.300867,1,圣元环保
sz.300871,1,回盛生物
sz.300879,1,大叶股份
sz.300880,1,迦南智能
sz.300910,1,瑞丰新材
sz.300917,1,特发服务
sz.300927,1,江天化学
sz.300932,1,三友联众
sz.300938,1,信测标准
sz.300939,1,秋田微
sz.300953,1,震裕科技
sz.300957,1,贝泰妮
sz.300972,1,万辰集团
sz.300990,1,同飞股份
sz.300999,1,金龙鱼
sz.301003,1,江苏博云
sz.301029,1,怡合达
sz.301031,1,中熔电气
sz.301078,1,孩子王
sz.301099,1,雅创电子
sz.301132,1,满坤科技
sz.301155,1,海力风电
sz.301158,1,德石股份
sz.301175,1,中科环保
sz.301179,1,泽宇智能
sz.301196,1,唯科科技
sz.301219,1,腾远钴业
sz.301220,1,亚香股份
sz.301235,1,华康洁净
sz.301256,1,华融化学
sz.301275,1,汉朔科技
sz.301282,1,金禄电子
sz.301291,1,明阳电气
sz.301301,1,川宁生物
sz.301323,1,新莱福
sz.301345,1,涛涛车业
sz.301358,1,湖南裕能
sz.301362,1,民爆光电
sz.301363,1,美好医疗
sz.301379,1,天山电子
sz.301382,1,蜂助手
sz.301419,1,阿莱德
sz.301458,1,钧崴电子
sz.301479,1,弘景光电
sz.301529,1,福赛科技
sz.301566,1,达利凯普
sz.301571,1,国科天成
sz.301580,1,爱迪特
sz.301606,1,绿联科技
sz.301628,1,强达电路
sz.301656,1,联合动力
